hotel_id,hotel_name_fa,city_id,city_name_fa,province_name_en
619,خونه نقلی 2 (خانه دوست),6984,کاشان,Esfahan
2643,برج ساعت,6861,بابلسر,Mazandaran
2482,پاتاق,6745,کرمانشاه,Kermanshah
2498,بهار نارنج حافظ,6640,شیراز,Fars
848,انا,6918,کیش,Hormozgan
452,کوروش,6745,کرمانشاه,Kermanshah
2508,کاخ سرهنگ,6326,اصفهان,Esfahan
2604,رونیا,6433,تهران,Tehran
1657,قاراپاپاق,7305,نقده,West Azerbaijan
2161,دیلمای,7379,سیاهکل,Gilan
385,صحت,6985,سرعین,Ardabil
1180,کاوه,7107,ساوه,Markazi
1129,باغ ایران زمین,6931,قشم,Hormozgan
1855,هرموز,7020,جزیره هرمز,Hormozgan
1403,پاسارگاد,6326,اصفهان,Esfahan
2483,سرای معلم,6319,نطنز,Esfahan
480,آپادانا,6865,نوشهر,Mazandaran
1900,ماهور,6861,بابلسر,Mazandaran
1682,هتل آذربایجان (اسنپ‌روم),6220,تبریز,East Azarbaijan
1231,الوند 1,6931,قشم,Hormozgan
1604,سپید کنار متین,6800,بندر انزلی,Gilan
1833,پاک,6220,تبریز,East Azarbaijan
2634,ارکیده,6800,بندر انزلی,Gilan
1686,بوم قلعه آریز,6971,بافق,Yazd
1602,عمو مشهدی رضا,7298,ورامین,Tehran
1166,صدف,6987,محمودآباد,Mazandaran
2512,عمارت ماندگار,6984,کاشان,Esfahan
2112,وستا,6967,میبد,Yazd
964,مرصاد,6497,مشهد,Razavi Khorasan
2052,رضا,6871,بابل,Mazandaran
569,پارک نو,6541,اهواز,Khuzestan
169,سیمرغ,6497,مشهد,Razavi Khorasan
2137,چویل,7370,ممسنی,Fars
2084,رضوی,6760,یاسوج,Kohgiluyeh Va Buyer Ahmad
2397,شاپور خواست,6839,خرم‌آباد,Lorestan
1721,کندوج,6858,تنکابن,Mazandaran
1156,روناش,7080,دزفول,Khuzestan
255,آذین,6782,گرگان,Golestan
1993,شمس آذین,6931,قشم,Hormozgan
214,پارسیان,6745,کرمانشاه,Kermanshah
1824,کاسپین,6800,بندر انزلی,Gilan
953,آراد,6497,مشهد,Razavi Khorasan
1620,لوتوس,6640,شیراز,Fars
614,انقلاب,6497,مشهد,Razavi Khorasan
560,پارسیان,6549,آبادان,Khuzestan
1661,مهمانسرا گلها (اسنپ روم),6433,تهران,Tehran
2046,ایزد,6497,مشهد,Razavi Khorasan
401,کوثر,6984,کاشان,Esfahan
956,پردیس,6814,رشت,Gilan
875,فولتون,6931,قشم,Hormozgan
1746,تخت طاووس,6497,مشهد,Razavi Khorasan
558,آزادگان,6745,کرمانشاه,Kermanshah
105,سنتی مظفر,6969,یزد,Yazd
1974,باغ هنر,6931,قشم,Hormozgan
398,جهانگردی ناهارخوران,6782,گرگان,Golestan
2303,یزدان گرد,6969,یزد,Yazd
1949,آریکان,6497,مشهد,Razavi Khorasan
713,یه تا,7154,خور,Esfahan
693,آرسان,6497,مشهد,Razavi Khorasan
366,خانه ایرانی,6984,کاشان,Esfahan
645,تاج,6497,مشهد,Razavi Khorasan
292,بهشت افرا,6861,بابلسر,Mazandaran
1537,داوینکو,6681,بانه,Kordestan
2207,سمسمو,7392,پارسیان,Hormozgan
2300,کوثر,6288,اردبیل,Ardabil
1293,خانه توسلیان,6319,نطنز,Esfahan
2380,هانی,6931,قشم,Hormozgan
2070,پاپیلا,7327,ایذه,Khuzestan
1480,سنتی خالو میرزا,7158,عقدا,Yazd
1294,مان همیشه سبز,6390,بندر بوشهر,Bushehr
439,ارشاد,6985,سرعین,Ardabil
400,پارسیان خزر,6864,چالوس,Mazandaran
1173,راه کربلا,6745,کرمانشاه,Kermanshah
1508,کزج,7261,هشجین,Ardabil
257,پارسیان بوعلی,6956,همدان,Hamedan
2288,الماس,6326,اصفهان,Esfahan
1981,سفرا,6497,مشهد,Razavi Khorasan
103,باغ مشیرالممالک,6969,یزد,Yazd
115,بهجت,6967,میبد,Yazd
2267,دورانتاش,7406,شوش,Khuzestan
1812,ریتون,6640,شیراز,Fars
721,سنگی اورامان,7308,سروآباد,Kordestan
1089,نصیرالملک,6640,شیراز,Fars
2496,گلابتون,6969,یزد,Yazd
1513,آفرین,6497,مشهد,Razavi Khorasan
1831,بیستون,6985,سرعین,Ardabil
1520,رواق,6497,مشهد,Razavi Khorasan
1841,سرای آرامش,7323,خزر آباد,Mazandaran
1777,گنجنامه 2,6956,همدان,Hamedan
1909,کاوان,6931,قشم,Hormozgan
238,باری,6264,ارومیه,West Azerbaijan
2515,گل آرا,6326,اصفهان,Esfahan
1932,لیدو,6857,رامسر,Mazandaran
2203,کوه خرسی,7377,پاسارگاد,Fars
830,قصر,6557,زنجان,Zanjan
1885,یلو,7118,آران و بیدگل,Esfahan
130,بستان,6433,تهران,Tehran
274,جمشید,6745,کرمانشاه,Kermanshah
589,مدائن,6497,مشهد,Razavi Khorasan
945,ایران,6926,بندر عباس,Hormozgan
1128,مجتمع اقامتی اریکه,6875,آمل,Mazandaran
1266,مهمانسرا همت (اسنپ‌روم),6433,تهران,Tehran
737,کوروش,6433,تهران,Tehran
1157,ماد,7083,سقز,Kordestan
2299,میزبان (5 ستاره),6861,بابلسر,Mazandaran
1530,سما 2,6931,قشم,Hormozgan
1678,آرامهر,6668,قزوین,Qazvin
431,آرامیس,6918,کیش,Hormozgan
1073,یاس,6390,بندر بوشهر,Bushehr
1806,کاخ,6326,اصفهان,Esfahan
64,هما,6433,تهران,Tehran
2398,درسا,6390,بندر بوشهر,Bushehr
1727,سما,6326,اصفهان,Esfahan
205,هرمز,6926,بندر عباس,Hormozgan
2200,شنیوب,7392,پارسیان,Hormozgan
1454,هتل آپارتمان طاها (اسنپ‌روم),6497,مشهد,Razavi Khorasan
1840,علی بابا,6969,یزد,Yazd
152,سنتی مهر,6969,یزد,Yazd
597,هتل فروغ (اسنپ‌روم),6926,بندر عباس,Hormozgan
1862,نادر,6433,تهران,Tehran
427,نسیم,6865,نوشهر,Mazandaran
2163,گلشن راز,7380,شبستر,East Azarbaijan
359,بین المللی,6220,تبریز,East Azarbaijan
1297,فردوس,6672,قم,Qom
2399,جاوید,6497,مشهد,Razavi Khorasan
1457,استقبال,6433,تهران,Tehran
172,بزرگ,6640,شیراز,Fars
879,لاله,6237,بناب,East Azarbaijan
1692,ساکن,6497,مشهد,Razavi Khorasan
448,زریوار,6683,مریوان,Kordestan
603,هتل آپادانا (اسنپ‌روم),6433,تهران,Tehran
1163,شهریار,6433,تهران,Tehran
1419,طارونه,6969,یزد,Yazd
1953,فرادیس,6497,مشهد,Razavi Khorasan
2233,مهریزان,7159,مهریز,Yazd
1034,تست هتل کاشان,6984,کاشان,Esfahan
2075,فیروزه,6672,قم,Qom
1889,خانه کالان,7331,مادر سلیمان,Fars
2541,مجلل,6225,اسکو,East Azarbaijan
2269,گیلاس,7304,ابهر,Zanjan
1299,مهمانسرا شاهد (اسنپ‌روم),6433,تهران,Tehran
892,میزبان,6497,مشهد,Razavi Khorasan
833,صالح,6595,زاهدان,Sistan And Baluchestan
2576,یاکاموز,6288,اردبیل,Ardabil
1854,خانه خشتی,6711,رفسنجان,Kerman
1355,سرای جهانگرد,7159,مهریز,Yazd
1509,بزرگ پارک حیات,6497,مشهد,Razavi Khorasan
1054,مازرون,6876,قائم‌شهر,Mazandaran
1336,مهمانسرا نیکو (اسنپ‌روم),6433,تهران,Tehran
74,گل نرگس,6996,نائین,Esfahan
563,پاسارگاد,6390,بندر بوشهر,Bushehr
1666,مهمانسرا گلرخ (اسنپ‌روم),6326,اصفهان,Esfahan
2547,دریا ۲,6987,محمودآباد,Mazandaran
1752,آقبلاغ,7312,لالجین,Hamedan
2445,رویال بلوگا,6800,بندر انزلی,Gilan
585,صادقیه,6672,قم,Qom
290,آرام,6931,قشم,Hormozgan
1575,شاهان,6604,چابهار,Sistan And Baluchestan
1076,ماه کیمیا,6264,ارومیه,West Azerbaijan
1658,قدس,6926,بندر عباس,Hormozgan
978,انصار,6497,مشهد,Razavi Khorasan
1147,هتل آزادی (اسنپ‌روم),6433,تهران,Tehran
486,رمیله,6363,عسلویه,Bushehr
127,طوبی,6433,تهران,Tehran
2543,آرامسر,6857,رامسر,Mazandaran
2265,ایلدخت قشقایی,6646,فیروزآباد,Fars
850,ستاره طلایی,6918,کیش,Hormozgan
2525,معمار,6984,کاشان,Esfahan
2384,دریاکنار,6390,بندر بوشهر,Bushehr
477,کوشال,6864,چالوس,Mazandaran
1684,مهمانسرا شارین (اسنپ‌روم),6497,مشهد,Razavi Khorasan
1226,کوروش,6969,یزد,Yazd
867,آران,7015,مشگین شهر,Ardabil
365,خانه تاریخی احسان,6984,کاشان,Esfahan
1914,سروش,6969,یزد,Yazd
546,آلتین ارس,6208,جلفا,East Azarbaijan
674,مهستان,6497,مشهد,Razavi Khorasan
907,عجم,7262,آزادشهر,Golestan
540,آلاله,6930,درگهان,Hormozgan
2675,لیلیوم متل قو,7001,سلمانشهر,
1363,میراژ,6918,کیش,Hormozgan
2211,کومه,6640,شیراز,Fars
703,ایران پارک,6264,ارومیه,West Azerbaijan
2351,انتظار,6640,شیراز,Fars
266,پارسیان,6640,شیراز,Fars
994,جواهری,6497,مشهد,Razavi Khorasan
1770,چهل پنجره,6969,یزد,Yazd
2392,کمپ صحرا نوردی هفت سنگ,6969,یزد,Yazd
2259,بلوط کهن,6860,بهشهر,Mazandaran
1160,نار تی تی,7018,تفت,Yazd
1987,ستاره,6931,قشم,Hormozgan
126,پرند,6433,تهران,Tehran
2584,هتل آپارتمان شاران,7428,اسفراین,North Khorasan
2610,نوین پلاس,6497,مشهد,Razavi Khorasan
2553,لارن,6640,شیراز,Fars
814,اکسین,6541,اهواز,Khuzestan
113,سنتی والی,6969,یزد,Yazd
1521,مهمانسرا بحر خزر (اسنپ‌روم),6433,تهران,Tehran
2168,خان عمو,7382,سعادت شهر,Fars
2341,ستیا,6433,تهران,Tehran
2182,مهتاب,7018,تفت,Yazd
1992,ناخدا صالح,6931,قشم,Hormozgan
2331,آتا,6985,سرعین,Ardabil
729,رضوان,6985,سرعین,Ardabil
2336,دشتی,6225,اسکو,East Azarbaijan
2578,خانه مسافر میرچاوشی قصر سفید (اسنپ روم),6497,مشهد,Razavi Khorasan
2145,کوثر,6220,تبریز,East Azarbaijan
281,سبلان,6288,اردبیل,Ardabil
2127,حافظ,7119,ورزنه,Esfahan
2575,معرفت,6497,مشهد,Razavi Khorasan
2256,شوشتر,6535,شوشتر,Khuzestan
1611,هما,6225,اسکو,East Azarbaijan
466,زنبق,6969,یزد,Yazd
2139,نقش رستم,7117,مرودشت,Fars
1633,قصر جهان,6319,نطنز,Esfahan
442,خانه رز,6984,کاشان,Esfahan
420,ستاره,6326,اصفهان,Esfahan
972,کاسنیک ولشت,6864,چالوس,Mazandaran
909,قصرالضیافه,6497,مشهد,Razavi Khorasan
1526,آذر,6497,مشهد,Razavi Khorasan
543,صادقیه,6497,مشهد,Razavi Khorasan
483,پارسیان صفائیه,6969,یزد,Yazd
136,صدرا,6640,شیراز,Fars
1148,اورین,6433,تهران,Tehran
1659,دهکده,6225,اسکو,East Azarbaijan
256,شهاب,6782,گرگان,Golestan
845,کوروش,6349,طالقان,Alborz
818,سخاوت,6497,مشهد,Razavi Khorasan
2106,رمضان بیک,7366,کاشمر,Razavi Khorasan
2216,آسمان آبی,6641,فسا,Fars
1850,یزدان,6497,مشهد,Razavi Khorasan
1250,گیلار,6800,بندر انزلی,Gilan
1125,آدینه,6931,قشم,Hormozgan
2274,خانه صلاحی,7342,اَردکان,Yazd
1745,گلسا یزد,6497,مشهد,Razavi Khorasan
2504,ستاره دریا,6817,لنگرود,Gilan
459,امیر,6497,مشهد,Razavi Khorasan
2381,مهمانسرا نادر (اسنپ‌روم),6433,تهران,Tehran
2053,کارما,6326,اصفهان,Esfahan
1667,ساختمان عبداللهی,6865,نوشهر,Mazandaran
2516,قیصریه,6640,شیراز,Fars
2140,باغ عباسی,7113,داراب,Fars
2595,آیدا,6220,تبریز,East Azarbaijan
1075,پریناز,6497,مشهد,Razavi Khorasan
1141,مهمانسرا شهسوار (اسنپ‌روم),6433,تهران,Tehran
2524,کاربات,6326,اصفهان,Esfahan
79,هتل آزادی (اسنپ روم),6326,اصفهان,Esfahan
435,پارسیان,6723,بم,Kerman
1126,آوان,7080,دزفول,Khuzestan
504,جهانگردی,6719,سیرجان,Kerman
634,دریا,6220,تبریز,East Azarbaijan
1361,میچکا,6497,مشهد,Razavi Khorasan
1186,دریا,7109,بندر جاسک,Hormozgan
253,جهانگردی دیزین,6341,کرج,Alborz
698,کیانپور,6326,اصفهان,Esfahan
2666,آلاله (سام و زال),6931,قشم,Hormozgan
1112,الماس 2,6497,مشهد,Razavi Khorasan
1857,خورشید,6497,مشهد,Razavi Khorasan
2213,موبد,6632,آباده,Fars
968,فدک,6672,قم,Qom
2148,رویای کویر,7374,سرخه,Semnan
1484,شهدا,6497,مشهد,Razavi Khorasan
2292,ریوار,6745,کرمانشاه,Kermanshah
378,پارسیان,6969,یزد,Yazd
1870,مرآت,6497,مشهد,Razavi Khorasan
2278,باصری,7377,پاسارگاد,Fars
1962,فانوس,6815,فومن,Gilan
1002,ویانا,6326,اصفهان,Esfahan
635,جاده ابریشم,6433,تهران,Tehran
667,مرزبانی,6785,ماسال,Gilan
269,پارسیان,6857,رامسر,Mazandaran
283,دنیز,6800,بندر انزلی,Gilan
2532,قجر,6984,کاشان,Esfahan
299,مارینا ۱,6931,قشم,Hormozgan
991,نگین اروند,6548,خرمشهر,Khuzestan
1525,بارانام,6497,مشهد,Razavi Khorasan
2006,تاخره,6931,قشم,Hormozgan
1610,خانه کوچک لاری,6969,یزد,Yazd
1282,ابریشمی,6816,لاهیجان,Gilan
1895,سهروردی,6326,اصفهان,Esfahan
2617,خانه مسافر هشت بهشت (اسنپ روم),6497,مشهد,Razavi Khorasan
1594,محلات,6497,مشهد,Razavi Khorasan
447,جهانگردی,6684,سنندج,Kordestan
1067,تعطیلات,6918,کیش,Hormozgan
324,جهانگردی,6447,شهرکرد,Chaharmahal And Bakhtiari
2633,هفت پیکر,6782,گرگان,Golestan
434,اسپیناس پالاس کلکسیون لوکس گروه هتل های اسپیناس,6433,تهران,Tehran
259,استقلال,6595,زاهدان,Sistan And Baluchestan
425,آرین,6956,همدان,Hamedan
1281,جام فیروزه,6326,اصفهان,Esfahan
1113,قصر الوند,6931,قشم,Hormozgan
2183,شبستان,6965,اردکان,Yazd
1233,البرز,6668,قزوین,Qazvin
1295,تلارخانه بردبار,7120,خمام,Gilan
243,ارگ جدید,6723,بم,Kerman
186,شایان,6918,کیش,Hormozgan
1298,آسام,6713,کرمان,Kerman
564,ستاره خلیج فارس,6360,بندر گناوه,Bushehr
1078,0,7022,مینودشت,Golestan
2281,سی دار,6433,تهران,Tehran
2586,خوش او,6986,نور,Mazandaran
2160,میر,6969,یزد,Yazd
1269,مهر آذین,6433,تهران,Tehran
2395,فارس,6497,مشهد,Razavi Khorasan
2294,کرگدن,6433,تهران,Tehran
643,گوتکه مال,6570,سمنان,Semnan
1972,ناژو,7345,گالیکش,Golestan
1924,آتانا,6433,تهران,Tehran
2290,شیرازیس,6640,شیراز,Fars
2220,سعید,7396,دهلران,Ilam
573,ایرانیان,6545,ماهشهر,Khuzestan
2196,ناربن,7018,تفت,Yazd
2443,سینا,6497,مشهد,Razavi Khorasan
2343,امیر,6871,بابل,Mazandaran
1062,بزرگ ایزدی,7023,بوکان,West Azerbaijan
22,دخترانه مهر,6433,تهران,Tehran
2518,ناز۱,6926,بندر عباس,Hormozgan
2268,اقامتگاه سنتی سهراب (اسنپ‌روم),6640,شیراز,Fars
880,آنزا,6209,کلیبر,East Azarbaijan
1979,نچیدار,6931,قشم,Hormozgan
42,پارسا,6433,تهران,Tehran
1042,تستی,6640,شیراز,Fars
404,خاتون,6326,اصفهان,Esfahan
1814,سامان,6681,بانه,Kordestan
2667,صفی خانی,6969,یزد,Yazd
2044,خورشید,7310,دماوند,Tehran
958,صابر,6497,مشهد,Razavi Khorasan
2574,ذوی القربی,6672,قم,Qom
438,امیرکبیر,6984,کاشان,Esfahan
1619,فیل,6640,شیراز,Fars
81,ایران,6326,اصفهان,Esfahan
906,هرند,6497,مشهد,Razavi Khorasan
1772,رویال,6785,ماسال,Gilan
2061,خوش بوم,6815,فومن,Gilan
2587,هتل شهریار نوین (اسنپ روم),6433,تهران,Tehran
1788,سینا,7312,لالجین,Hamedan
48,اسپیناس بلوار,6433,تهران,Tehran
1732,مروارید,6326,اصفهان,Esfahan
639,مشهد,6497,مشهد,Razavi Khorasan
2011,باران,6842,ایزدشهر,Mazandaran
712,تارا,6269,مهاباد,West Azerbaijan
1618,تختی,6541,اهواز,Khuzestan
2122,باغ بهشت,6858,تنکابن,Mazandaran
1897,وانیا,6931,قشم,Hormozgan
226,بین المللی,6672,قم,Qom
1101,کیوان,6640,شیراز,Fars
230,کریمه,6672,قم,Qom
2529,بانی,6433,تهران,Tehran
2338,مهمانسرا ممتاز آبان (اسنپ‌روم),6931,قشم,Hormozgan
1764,ریگ چشمه,6767,علی‌آباد کتول,Golestan
986,ماسوله,6876,قائم‌شهر,Mazandaran
704,بهارستان,6497,مشهد,Razavi Khorasan
2302,سوین تک,6985,سرعین,Ardabil
957,هدیه,6541,اهواز,Khuzestan
1645,پرشین پلازا,6433,تهران,Tehran
1598,بزرگ سورن,6545,ماهشهر,Khuzestan
2382,کیمیا,6497,مشهد,Razavi Khorasan
2642,عمارت امیریه,6640,شیراز,Fars
1615,گدین,7156,ماهان,Kerman
1541,سرزمین آفتاب,6969,یزد,Yazd
2235,احسان,6969,یزد,Yazd
1696,ماچلوس,7306,راین,Kerman
1185,جهانگردی,7108,شیروان,North Khorasan
1817,مهر و ماه,7320,کیار,Chaharmahal And Bakhtiari
1968,نگین,7344,مرزیکلا,Mazandaran
68,پارسیان انقلاب,6433,تهران,Tehran
1189,آنا,6985,سرعین,Ardabil
373,باغ مرشد,6969,یزد,Yazd
1136,سرای اردیبهشت,6326,اصفهان,Esfahan
675,سلاطین,6497,مشهد,Razavi Khorasan
2125,خانه سیگاری,6969,یزد,Yazd
1248,خانه سه نیک,6969,یزد,Yazd
368,گل پونه,6931,قشم,Hormozgan
268,جهانگردی خزر شهر,6861,بابلسر,Mazandaran
417,جهانگردی نمونه,6800,بندر انزلی,Gilan
856,آسیا,6557,زنجان,Zanjan
2669,کیانا,6986,نور,Mazandaran
60,پارسیان آزادی,6433,تهران,Tehran
1970,ساتیار,7155,پاوه,Kermanshah
1092,ریحان,6931,قشم,Hormozgan
1793,جمالی,6497,مشهد,Razavi Khorasan
1507,کوبه,6969,یزد,Yazd
1531,فراز,6497,مشهد,Razavi Khorasan
1239,ایران زمین,7079,دورود,Lorestan
1407,ائل آی,6220,تبریز,East Azarbaijan
2197,رمونگاه,7390,شهمیرزاد,Semnan
2308,البرز,6969,یزد,Yazd
1753,مهرگان,7313,صومعه سرا,Gilan
2655,معین,6497,مشهد,Razavi Khorasan
2489,پارسیان آزادی (فروش ویژه),6433,تهران,Tehran
1579,خانه مرشدی 2 (خانه ادیب),6984,کاشان,Esfahan
2499,سرای صباغیان,6984,کاشان,Esfahan
469,ساینا,6433,تهران,Tehran
1938,ورزش,7339,مریانج,Hamedan
902,سهند,6220,تبریز,East Azarbaijan
250,سفیدکنار,6800,بندر انزلی,Gilan
533,حلما,6497,مشهد,Razavi Khorasan
2564,هتل آپارتمان سوران,6865,نوشهر,Mazandaran
1888,خانه مسافر اسعدی (کوشک هنر),6984,کاشان,Esfahan
1098,تابش,6497,مشهد,Razavi Khorasan
279,دربند,6995,مهدی‌شهر,Semnan
2169,نارستان,7383,ارسنجان,Fars
1168,0,6497,مشهد,Razavi Khorasan
2550,باغ پی ده,6865,نوشهر,Mazandaran
1662,اطلس,6326,اصفهان,Esfahan
17,مارلیک,6433,تهران,Tehran
891,لیان,6857,رامسر,Mazandaran
1818,کویر,6595,زاهدان,Sistan And Baluchestan
633,سرای کهن,6969,یزد,Yazd
2018,ماه جون,6870,ساری,Mazandaran
2650,آریو,6745,کرمانشاه,Kermanshah
535,هتل سینا (اسنپ‌روم),6220,تبریز,East Azarbaijan
1365,عطر سیب,6719,سیرجان,Kerman
1580,قلعه امیرخان,7314,بیارجمند,Semnan
2100,لیلی و مجنون,6969,یزد,Yazd
2107,نسترن,6548,خرمشهر,Khuzestan
1837,مشهد الرضا,6497,مشهد,Razavi Khorasan
600,ستاره,6918,کیش,Hormozgan
1003,معجزه,6497,مشهد,Razavi Khorasan
63,پارسیان استقلال,6433,تهران,Tehran
399,توریست,6326,اصفهان,Esfahan
1590,آفتاب,6326,اصفهان,Esfahan
143,پارمیس,6918,کیش,Hormozgan
2449,وندا,6984,کاشان,Esfahan
2124,ناصر,6967,میبد,Yazd
1277,تست,6814,رشت,Gilan
1456,هتل آپارتمان یاسین (اسنپ‌روم),6497,مشهد,Razavi Khorasan
1842,نور,6908,محلات,Markazi
878,قصر,6225,اسکو,East Azarbaijan
2097,یحیی بیک,7357,زیارت,North Khorasan
2172,فردیس,7383,ارسنجان,Fars
507,جهانگردی,6927,میناب,Hormozgan
108,اطلس,6969,یزد,Yazd
92,ساسان,6640,شیراز,Fars
2497,اسکرو,6640,شیراز,Fars
1617,ستاره شهر,7159,مهریز,Yazd
642,لاله بیستون,6745,کرمانشاه,Kermanshah
669,ایران زمین,6497,مشهد,Razavi Khorasan
1286,سرای صالح,7225,برزک,Esfahan
1832,صحرا,6497,مشهد,Razavi Khorasan
2098,شیردل,6566,شاهرود,Semnan
1948,ضیافتی کافی,6497,مشهد,Razavi Khorasan
52,اسکان الوند,6433,تهران,Tehran
47,الیان,6433,تهران,Tehran
2569,نگین خزر کنار,6858,تنکابن,Mazandaran
2126,ملیکا,6969,یزد,Yazd
503,جهانگردی,6566,شاهرود,Semnan
1703,شمشک,7307,شمشک,Tehran
2077,خوش نشین,7110,رودبار,Gilan
2485,تست 9,6433,تهران,Tehran
131,ثامن,6497,مشهد,Razavi Khorasan
36,هتل آرمان (اسنپ‌روم),6433,تهران,Tehran
2141,یاس,6549,آبادان,Khuzestan
1861,آریانا,6785,ماسال,Gilan
1623,گلستان ادیب,7300,گناباد,Razavi Khorasan
211,پارامیدا,6566,شاهرود,Semnan
1664,شاسوسا,6984,کاشان,Esfahan
1481,پارس,6969,یزد,Yazd
2396,آرامیس پلاس,6918,کیش,Hormozgan
810,گل سرخ,6497,مشهد,Razavi Khorasan
151,ارم,6497,مشهد,Razavi Khorasan
821,لاله پارک,6220,تبریز,East Azarbaijan
1656,بغدادی,6668,قزوین,Qazvin
1463,جنگل,6969,یزد,Yazd
94,پارک سعدی,6640,شیراز,Fars
1922,پازارگاد,7330,بندر کنگان,Bushehr
1354,مهمانسرا ایران نو (اسنپ‌روم),6433,تهران,Tehran
2608,گل بهار,6640,شیراز,Fars
2676,عمارت قجری,7355,ابرکوه,Yazd
1815,اشینه,7328,ونک,Esfahan
965,جهانگردی,6965,اردکان,Yazd
395,پردیس,7256,مبارکه,Esfahan
322,اسرم,6870,ساری,Mazandaran
1084,خانه ورزش,6668,قزوین,Qazvin
1743,کدخدا,7310,دماوند,Tehran
910,آبگرم,6908,محلات,Markazi
1041,کانیار,6767,علی‌آباد کتول,Golestan
739,پامچال,6814,رشت,Gilan
2523,سرای درب کوشک,6326,اصفهان,Esfahan
596,امیر,7000,طبس,South Khorasan
2117,کلوش سر,6814,رشت,Gilan
2035,ترنگ,6858,تنکابن,Mazandaran
838,آویژه,6641,فسا,Fars
1632,کشیش,6326,اصفهان,Esfahan
517,جهانگردی,6644,استهبان,Fars
2583,ضیافت الزهرا,6497,مشهد,Razavi Khorasan
135,آریانا,6640,شیراز,Fars
37,هتل مهر (اسنپ‌روم),6433,تهران,Tehran
329,تست,6839,خرم‌آباد,Lorestan
182,عباسی,6326,اصفهان,Esfahan
5,ایده آل,6433,تهران,Tehran
1275,پرنیان,6497,مشهد,Razavi Khorasan
2092,صدرا,7356,ملکان,East Azarbaijan
689,مشکات,6497,مشهد,Razavi Khorasan
1630,تابران,6497,مشهد,Razavi Khorasan
2389,آتی,6497,مشهد,Razavi Khorasan
561,سیراف,6390,بندر بوشهر,Bushehr
1263,ادمان,6497,مشهد,Razavi Khorasan
372,ارگ,6992,سریزد,Yazd
1584,فلامینگو,6433,تهران,Tehran
700,اعیان,6497,مشهد,Razavi Khorasan
2652,ایران,6220,تبریز,East Azarbaijan
1863,گلچین,6497,مشهد,Razavi Khorasan
2251,فانوس,7259,سپیدان,Fars
2129,بارمانی,6548,خرمشهر,Khuzestan
275,لاله,6985,سرعین,Ardabil
1577,رویال پارک,6985,سرعین,Ardabil
1340,قصر امیریه,7157,لامرد,Fars
424,خونه  نقلی 1,6984,کاشان,Esfahan
167,نیکا,6497,مشهد,Razavi Khorasan
699,استقبال,6220,تبریز,East Azarbaijan
2038,سرای مادری,6303,خوانسار,Esfahan
1582,دیرا,6303,خوانسار,Esfahan
617,پارمیدا,6918,کیش,Hormozgan
76,نگین جی,6326,اصفهان,Esfahan
21,هتل مینا (اسنپ روم),6433,تهران,Tehran
402,کوثر,6857,رامسر,Mazandaran
690,ارگ تاریخی گوگد,6321,گلپایگان,Esfahan
843,تمدن,6497,مشهد,Razavi Khorasan
289,کوهستان,6469,بیرجند,South Khorasan
224,مرمر,6668,قزوین,Qazvin
1191,الزهرا,6969,یزد,Yazd
87,ویونا,6998,ابیانه,Esfahan
245,جهانگردی دلوار,6390,بندر بوشهر,Bushehr
1408,آرکا,6931,قشم,Hormozgan
2206,لامردون,7393,گتوند,Khuzestan
331,قهوه سویی,6985,سرعین,Ardabil
1139,ساسان,6433,تهران,Tehran
1115,شهرداری,7079,دورود,Lorestan
982,هدهد,7367,اسالم,Gilan
1882,میبد,6497,مشهد,Razavi Khorasan
2549,میلاد,6862,فریدون‌کنار,Mazandaran
106,اسکان,6433,تهران,Tehran
584,فجر آبشار,6816,لاهیجان,Gilan
1106,خورشید اردهال,6984,کاشان,Esfahan
2025,لیا,6857,رامسر,Mazandaran
1683,هتل ارک (اسنپ‌روم),6220,تبریز,East Azarbaijan
2039,کاشانه روشن,6984,کاشان,Esfahan
2170,اجاق سید کریم,7382,سعادت شهر,Fars
1478,رسپینا,6816,لاهیجان,Gilan
685,آسا,6433,تهران,Tehran
1333,قائلی,6326,اصفهان,Esfahan
132,شمس,6640,شیراز,Fars
950,شوکا,6861,بابلسر,Mazandaran
1997,فانوس,6931,قشم,Hormozgan
1601,سرای سفیر,6326,اصفهان,Esfahan
1523,بهزاد,6497,مشهد,Razavi Khorasan
2580,خانه مسافر محمدپور پریناز (اسنپ روم),6497,مشهد,Razavi Khorasan
2275,نریمان,7419,اوز,Fars
93,ستارگان,6640,شیراز,Fars
1161,کیان,7084,بشرویه,South Khorasan
1797,بعثت,6326,اصفهان,Esfahan
1473,گلستان راز,6640,شیراز,Fars
327,جهانگردی,6469,بیرجند,South Khorasan
164,پردیسان,6497,مشهد,Razavi Khorasan
1726,هتل چهلستون (اسنپ‌روم),6326,اصفهان,Esfahan
2152,نی چشمه,7376,اقلید,Fars
413,جهانگردی چلندر,6865,نوشهر,Mazandaran
1763,مزرعه قوها,6816,لاهیجان,Gilan
2010,کیان,7159,مهریز,Yazd
142,ارگ جدید,6969,یزد,Yazd
2033,سارای,6288,اردبیل,Ardabil
2064,عمارت بارمان,6969,یزد,Yazd
946,قابوس,6782,گرگان,Golestan
1,,6433,تهران,Tehran
1103,آریان,6918,کیش,Hormozgan
718,اصیلا,6497,مشهد,Razavi Khorasan
1699,آکراس,6719,سیرجان,Kerman
2109,سبز,6548,خرمشهر,Khuzestan
2544,مهتاب,6497,مشهد,Razavi Khorasan
338,گل گندم,6497,مشهد,Razavi Khorasan
2190,خانه دایی,6644,استهبان,Fars
680,پانیذ,6918,کیش,Hormozgan
397,نگارستان,6984,کاشان,Esfahan
2174,قصر یعقوب,7387,خرم بید,Fars
1921,افشار,6497,مشهد,Razavi Khorasan
1358,میلاد نور,6969,یزد,Yazd
2270,سرفراز,6980,بجنورد,North Khorasan
1606,ویلاهای کوهستانی ارس,6208,جلفا,East Azarbaijan
2019,اسپیناس,6861,بابلسر,Mazandaran
2227,بویاق,7259,سپیدان,Fars
1872,آزادی,6931,قشم,Hormozgan
251,زاگرس,6906,اراک,Markazi
1774,یاسمین راهب,6984,کاشان,Esfahan
270,بام سبز,6857,رامسر,Mazandaran
509,جهانگردی,6557,زنجان,Zanjan
2509,استاتیس,6926,بندر عباس,Hormozgan
410,نور,6497,مشهد,Razavi Khorasan
1074,پارسیان,6548,خرمشهر,Khuzestan
1811,هاشم زاده (هزارون),6876,قائم‌شهر,Mazandaran
193,آرمان,6497,مشهد,Razavi Khorasan
730,قصرالشمس,6497,مشهد,Razavi Khorasan
85,سپاهان,6326,اصفهان,Esfahan
1146,هتل ثامن (اسنپ‌روم),6433,تهران,Tehran
2239,ستایش,6640,شیراز,Fars
2083,امین,7082,اشکذر,Yazd
1967,پارسین,6713,کرمان,Kerman
2350,اطلس,7421,شاهین‌شهر,Esfahan
1144,اوسون,6433,تهران,Tehran
267,پرسپولیس,6640,شیراز,Fars
555,سارا,6918,کیش,Hormozgan
1476,نادر,6566,شاهرود,Semnan
839,فرزانگان,6497,مشهد,Razavi Khorasan
866,گاجره دیزین,6341,کرج,Alborz
313,ماندگار,6817,لنگرود,Gilan
177,قصر طلایی,6497,مشهد,Razavi Khorasan
2225,شیز,7398,تکاب,West Azerbaijan
2195,خانه آس,7389,بختگان,Fars
196,ونوس,6326,اصفهان,Esfahan
2031,نارنجستان,6640,شیراز,Fars
1607,سرای همایونی,6640,شیراز,Fars
470,دیاموند,6433,تهران,Tehran
640,باران سبز,6873,کلاردشت,Mazandaran
2527,ربیع,6326,اصفهان,Esfahan
1898,مزراچو,6996,نائین,Esfahan
2359,سارای,6220,تبریز,East Azarbaijan
2363,آدرین,6985,سرعین,Ardabil
2180,دلفین,6547,بندر امام خمینی,
1090,پردیسان فاز 1,6969,یزد,Yazd
1781,نارگل,6326,اصفهان,Esfahan
2444,ایده آل بوتیک,6288,اردبیل,Ardabil
309,شمس,6931,قشم,Hormozgan
2210,خورشید,6670,تاکستان,Qazvin
285,دیانا پلاس,6931,قشم,Hormozgan
602,پارسیان,6873,کلاردشت,Mazandaran
2635,آراد,7000,طبس,South Khorasan
2261,آریوبرزن,6541,اهواز,Khuzestan
2551,ماهور,6984,کاشان,Esfahan
1848,مروارید,6672,قم,Qom
1789,ماریشان,6497,مشهد,Razavi Khorasan
1581,کاروانسرای یام,6220,تبریز,East Azarbaijan
1465,خادمی,6984,کاشان,Esfahan
202,سرای عامری ها,6984,کاشان,Esfahan
403,جواهر شرق,6497,مشهد,Razavi Khorasan
98,طلوع خورشید,6326,اصفهان,Esfahan
1655,گل طاها,6640,شیراز,Fars
1892,آراد,7330,بندر کنگان,Bushehr
2151,شیدگر,7117,مرودشت,Fars
1162,صدر,6497,مشهد,Razavi Khorasan
1816,المپیک شمال,6875,آمل,Mazandaran
1505,رنگین خانه,6858,تنکابن,Mazandaran
1356,بهرام,6497,مشهد,Razavi Khorasan
2176,بابا حسین,7113,داراب,Fars
1117,آریانا اسپا,6984,کاشان,Esfahan
510,جهانگردی,6224,سراب,East Azarbaijan
2048,خانه باغ امید,6984,کاشان,Esfahan
1359,پنج دری,6640,شیراز,Fars
384,کوروش,6864,چالوس,Mazandaran
1597,سلمان,6497,مشهد,Razavi Khorasan
1107,آزادی,6549,آبادان,Khuzestan
1722,پلاس 2,6390,بندر بوشهر,Bushehr
844,گدروشیا,6604,چابهار,Sistan And Baluchestan
1341,سروا,6984,کاشان,Esfahan
2015,ترکمن ایل,7347,کلاله,Golestan
1933,کیهان,6497,مشهد,Razavi Khorasan
1280,مینا,6497,مشهد,Razavi Khorasan
156,هلیا,6918,کیش,Hormozgan
2373,کارا,6264,ارومیه,West Azerbaijan
1723,گل نرگس,6800,بندر انزلی,Gilan
2202,حاجی خان,7018,تفت,Yazd
1155,رستاق,7082,اشکذر,Yazd
520,جهانگردی,6653,لار,Fars
1713,شهرزاد,6816,لاهیجان,Gilan
337,فردوس,6497,مشهد,Razavi Khorasan
2647,رزهام,6433,تهران,Tehran
1046,آفتاب,6906,اراک,Markazi
2165,نگاه حافظیه,7157,لامرد,Fars
1267,0,6984,کاشان,Esfahan
612,سفیر,6931,قشم,Hormozgan
562,کیوان,6549,آبادان,Khuzestan
408,بزرگ ارم,6433,تهران,Tehran
2612,رز مکران,6604,چابهار,Sistan And Baluchestan
88,پارسیان سوئیت,6326,اصفهان,Esfahan
2588,سفیران,6497,مشهد,Razavi Khorasan
262,رودکی,6640,شیراز,Fars
353,گلستان,6497,مشهد,Razavi Khorasan
2087,دیاوا,7350,بادرود,Esfahan
2488,داروش,6640,شیراز,Fars
1276,رویال,6566,شاهرود,Semnan
1907,منتظران,7335,شهرضا,Esfahan
2162,کیان,7376,اقلید,Fars
1838,کاروانسرای تاریخی پاسنگان,6672,قم,Qom
679,الوند,6497,مشهد,Razavi Khorasan
2406,حاتم,6497,مشهد,Razavi Khorasan
242,پارسیان,6447,شهرکرد,Chaharmahal And Bakhtiari
1583,ونوس,6604,چابهار,Sistan And Baluchestan
2589,نگین,6288,اردبیل,Ardabil
1471,سپند,6433,تهران,Tehran
1279,ملل,6672,قم,Qom
506,جهانگردی,6711,رفسنجان,Kerman
625,قصر نوین,6497,مشهد,Razavi Khorasan
2032,تخت طاووس,6640,شیراز,Fars
719,مرمر,6497,مشهد,Razavi Khorasan
1135,کهکشان,6719,سیرجان,Kerman
554,لیپار,6604,چابهار,Sistan And Baluchestan
1178,پاپیروس,6497,مشهد,Razavi Khorasan
1813,ترمه,6969,یزد,Yazd
2154,سرقنات,6632,آباده,Fars
185,پیروزی,6326,اصفهان,Esfahan
2142,بوم کلبه,7259,سپیدان,Fars
82,کارون,6326,اصفهان,Esfahan
567,ایران,6541,اهواز,Khuzestan
969,پارک,6557,زنجان,Zanjan
216,شهریار,6220,تبریز,East Azarbaijan
1957,نقش جهان,6926,بندر عباس,Hormozgan
1918,بابا خداداد,7337,شاهدیه,Yazd
1911,عطاران,6497,مشهد,Razavi Khorasan
2603,مهر,6497,مشهد,Razavi Khorasan
2530,حاج سلیمان,7423,تیران,Esfahan
1976,فلامینگو,6931,قشم,Hormozgan
2651,امید,6433,تهران,Tehran
86,سیمرغ,6336,داران,Esfahan
154,مارینا پارک,6918,کیش,Hormozgan
1296,افضل,7121,شیرگاه,Mazandaran
2001,هنگامی,6931,قشم,Hormozgan
291,بهشت,6931,قشم,Hormozgan
2526,تابش,6640,شیراز,Fars
2178,فارس,6640,شیراز,Fars
2522,گیواک,6984,کاشان,Esfahan
396,ملل,6326,اصفهان,Esfahan
532,حاج ملک,6967,میبد,Yazd
2593,قصر امید,6815,فومن,Gilan
547,صبا,6497,مشهد,Razavi Khorasan
2191,دال نشین,7383,ارسنجان,Fars
740,کیش مهر,6862,فریدون‌کنار,Mazandaran
1856,بابائی (یاس),6497,مشهد,Razavi Khorasan
1591,باران,6326,اصفهان,Esfahan
239,جهانگردی,6264,ارومیه,West Azerbaijan
2563,سرو آزاد,6640,شیراز,Fars
1954,آرتاکن,7259,سپیدان,Fars
2577,خانه مسافر صدارتی پامچال (اسنپ روم),6497,مشهد,Razavi Khorasan
960,آکادمی ملی المپیک,6433,تهران,Tehran
1105,شباویز,6918,کیش,Hormozgan
393,سیاح,6984,کاشان,Esfahan
1599,خانه سبز,6931,قشم,Hormozgan
2297,طوطیا,6326,اصفهان,Esfahan
451,رسالت,6745,کرمانشاه,Kermanshah
1493,بزرگ کادوسان,6800,بندر انزلی,Gilan
1928,حسام,6497,مشهد,Razavi Khorasan
702,آپادانا,6497,مشهد,Razavi Khorasan
2289,توتی,6640,شیراز,Fars
333,آبان,6497,مشهد,Razavi Khorasan
2,پارس ,6433,تهران,Tehran
852,مجلل ایران زمین,6497,مشهد,Razavi Khorasan
2557,پلاس,7426,رابر,Kerman
288,آپادانا,6931,قشم,Hormozgan
840,سفری طلایی,6497,مشهد,Razavi Khorasan
91,هشت بهشت,6326,اصفهان,Esfahan
1095,استقلال حذف شده,6672,قم,Qom
1688,شهباز,6713,کرمان,Kerman
1415,بوستان,6541,اهواز,Khuzestan
206,سبز,6315,نیاسر,Esfahan
358,خانه بهروزی,6668,قزوین,Qazvin
69,لاله,6433,تهران,Tehran
607,نخل,6862,فریدون‌کنار,Mazandaran
219,پردیس,6497,مشهد,Razavi Khorasan
1171,مرمر,6341,کرج,Alborz
2130,بهشت جاوید,6646,فیروزآباد,Fars
582,آرام,6815,فومن,Gilan
272,ارشیا,7003,رودسر,Gilan
1775,قلعه وزیر,6967,میبد,Yazd
1608,سی راه,6640,شیراز,Fars
481,صحرا,6865,نوشهر,Mazandaran
1887,آهید,7330,بندر کنگان,Bushehr
870,نازخزر,6800,بندر انزلی,Gilan
890,شباهنگ,6497,مشهد,Razavi Khorasan
608,آپادانا,6926,بندر عباس,Hormozgan
1500,آران,6433,تهران,Tehran
2295,خوان سالار,6969,یزد,Yazd
2181,ارجنک,7375,سرچهان,Fars
1158,کورد,7083,سقز,Kordestan
454,دالاهو,6352,ایلام,Ilam
1111,هتل مریم (اسنپ‌روم),6931,قشم,Hormozgan
1749,هتل پارادایس (اسنپ‌روم),6433,تهران,Tehran
1261,جهانگردی,7115,سبزوار,Razavi Khorasan
1860,نفیس,6672,قم,Qom
1151,سولماز,7081,میانه,East Azarbaijan
1858,ارشیا,7324,آبگرم,Qazvin
1649,سرای آقا محمد,6984,کاشان,Esfahan
662,خانه معلم,6535,شوشتر,Khuzestan
1335,هتل سعدی (اسنپ‌روم),6433,تهران,Tehran
2311,ورنوس,6433,تهران,Tehran
899,کارن,6857,رامسر,Mazandaran
225,رویال,6640,شیراز,Fars
2357,قدس,6672,قم,Qom
2088,خانه باران,6969,یزد,Yazd
1955,فروردین,6971,بافق,Yazd
2520,بهارستان,6220,تبریز,East Azarbaijan
816,فاضلی,6969,یزد,Yazd
664,خانه مرشدی,6984,کاشان,Esfahan
1265,سعید,6433,تهران,Tehran
599,مرجان,6871,بابل,Mazandaran
1762,پرکوک,6497,مشهد,Razavi Khorasan
2158,پرهامی,6640,شیراز,Fars
2230,اسد الله خان درافشان,6632,آباده,Fars
951,عطر,6839,خرم‌آباد,Lorestan
2301,درنیکا,6557,زنجان,Zanjan
1086,آبادگران,6918,کیش,Hormozgan
231,خورشید,6672,قم,Qom
128,پژوهش,6433,تهران,Tehran
1013,الغدیر,6497,مشهد,Razavi Khorasan
549,ارس,6497,مشهد,Razavi Khorasan
1874,جهانگردی,6503,نیشابور,Razavi Khorasan
160,زندیه,6640,شیراز,Fars
386,گواشیر,6713,کرمان,Kerman
688,آسیا,6497,مشهد,Razavi Khorasan
273,پدیدار خزر,7003,رودسر,Gilan
720,قصر آینه,6497,مشهد,Razavi Khorasan
392,آنا,6264,ارومیه,West Azerbaijan
1787,راتینس,6785,ماسال,Gilan
2175,نایب خفر,6626,باب انار,Fars
1756,شمعدونی,6969,یزد,Yazd
641,سنتی متولی باشی,7156,ماهان,Kerman
508,جهانگردی,6723,بم,Kerman
1603,اطلسی,6984,کاشان,Esfahan
2567,خانه بیگو,7377,پاسارگاد,Fars
862,المپیک,6672,قم,Qom
1056,ایده آل,6288,اردبیل,Ardabil
2383,مهربد فیروزه,6967,میبد,Yazd
1483,پاسارگاد,7257,جهرم,Fars
2066,علی بابا,6672,قم,Qom
51,قناری,6433,تهران,Tehran
2205,جورگ,7259,سپیدان,Fars
2187,نای ذی,7111,نی‌ریز,Fars
1176,پارسیان سنتی کپری,7106,قلعه گنج,Kerman
996,گلدیس,6918,کیش,Hormozgan
2091,سوریجان,6984,کاشان,Esfahan
1284,آپادانا تخت جمشید,7117,مرودشت,Fars
1960,حاج مختار,7343,فاروق,Fars
2548,رز آیند,6861,بابلسر,Mazandaran
2490,بیتوته,6326,اصفهان,Esfahan
189,ادریس,6497,مشهد,Razavi Khorasan
208,صخره ای لاله کندوان,6225,اسکو,East Azarbaijan
394,هاترا,6497,مشهد,Razavi Khorasan
502,جهانگردی,6565,بسطام,Semnan
732,قصر سفید,6497,مشهد,Razavi Khorasan
2201,خلیج فارس,6549,آبادان,Khuzestan
733,شاپور,6497,مشهد,Razavi Khorasan
1779,کلوت کویر,7314,بیارجمند,Semnan
1225,قباد,6931,قشم,Hormozgan
574,نارین,6864,چالوس,Mazandaran
1674,شالیزار,6817,لنگرود,Gilan
119,تهرانی,6969,یزد,Yazd
524,جم,6433,تهران,Tehran
1680,هتل آپارتمان اهورا (اسنپ‌روم),6497,مشهد,Razavi Khorasan
354,جهانگردی,6996,نائین,Esfahan
2147,خاله خورشید,7373,خلیل آباد,Razavi Khorasan
2594,تابان,6433,تهران,Tehran
2649,کچا,6814,رشت,Gilan
2662,شاه پریون,6640,شیراز,Fars
1011,آباد گران تست,6918,کیش,Hormozgan
2625,ساحلی میزبان,6861,بابلسر,Mazandaran
389,آریا,6264,ارومیه,West Azerbaijan
2059,حجار,6642,کازرون,Fars
824,ساسان,6985,سرعین,Ardabil
2344,قربانی,6870,ساری,Mazandaran
2253,عباسی,6640,شیراز,Fars
1534,آیدا,6497,مشهد,Razavi Khorasan
1416,مینو,6668,قزوین,Qazvin
903,دامون,6447,شهرکرد,Chaharmahal And Bakhtiari
2531,الماس زعفرانیه,6433,تهران,Tehran
1875,تاج الملوک,6969,یزد,Yazd
450,جهانگردی علیصدر,7255,کبودرآهنگ,Hamedan
2362,آسمان شهر,6870,ساری,Mazandaran
2020,باجی رباب,7345,گالیکش,Golestan
336,عماد,6497,مشهد,Razavi Khorasan
295,کیمیا ۳,6931,قشم,Hormozgan
2110,لایز,7113,داراب,Fars
2118,تیکیش زیبا,6858,تنکابن,Mazandaran
360,خانه سبز,6497,مشهد,Razavi Khorasan
2246,اخوت,6541,اهواز,Khuzestan
217,آریوبرزن,6640,شیراز,Fars
102,قصر,6326,اصفهان,Esfahan
1951,کاریز,6965,اردکان,Yazd
523,فرید,6497,مشهد,Razavi Khorasan
825,سیمرغ فیروزه,6497,مشهد,Razavi Khorasan
194,هما 2,6497,مشهد,Razavi Khorasan
240,پارک,6264,ارومیه,West Azerbaijan
570,کارون,6541,اهواز,Khuzestan
1625,امیر,6865,نوشهر,Mazandaran
668,پارسیان توریست توس,6497,مشهد,Razavi Khorasan
190,لاله,6497,مشهد,Razavi Khorasan
1930,مجید,6497,مشهد,Razavi Khorasan
1694,باباحصار,7156,ماهان,Kerman
742,بهار,7003,رودسر,Gilan
1292,ناخدا امینی,6931,قشم,Hormozgan
120,لب خندق,6969,یزد,Yazd
2304,مهمانسرا سهند (اسنپ‌روم),6433,تهران,Tehran
2555,قاضی,6497,مشهد,Razavi Khorasan
1929,مرتضوی,6497,مشهد,Razavi Khorasan
1044,پرشین گلف,6930,درگهان,Hormozgan
67,المپیک,6433,تهران,Tehran
66,رامتین,6433,تهران,Tehran
2036,گل,6497,مشهد,Razavi Khorasan
895,مارال,6873,کلاردشت,Mazandaran
1114,0,6984,کاشان,Esfahan
1404,صدرا,6497,مشهد,Razavi Khorasan
2537,آرام,7002,ماسوله,Gilan
2307,رویال اروند,6548,خرمشهر,Khuzestan
2339,رز درویشی,6497,مشهد,Razavi Khorasan
1873,آنزان,7327,ایذه,Khuzestan
865,پارسیا,6672,قم,Qom
1730,گلستانکوه,6303,خوانسار,Esfahan
874,هزار,6713,کرمان,Kerman
173,بین المللی پارس,6640,شیراز,Fars
1369,قصر منشی,6326,اصفهان,Esfahan
2394,آریا,6672,قم,Qom
1736,تلفنخانه,7309,سامان,Chaharmahal And Bakhtiari
1877,ماسو,7329,شفت,Gilan
811,معین درباری,6497,مشهد,Razavi Khorasan
2017,کوچه باغ,7159,مهریز,Yazd
591,گیلماز,6819,چابکسر,Gilan
2446,کاروانسرای گلستانکوه,6303,خوانسار,Esfahan
1181,اقصی,6908,محلات,Markazi
101,رزیدانس رودکی,6433,تهران,Tehran
155,زیتون,6497,مشهد,Razavi Khorasan
859,پرشین,6800,بندر انزلی,Gilan
221,زاگرس,6834,بروجرد,Lorestan
2244,ارسی,6220,تبریز,East Azarbaijan
2501,کوروش,6668,قزوین,Qazvin
125,مدیا,6433,تهران,Tehran
2199,سووشون,6640,شیراز,Fars
716,کرمان,6713,کرمان,Kerman
512,جهانگردی,6841,الیگودرز,Lorestan
1082,ایرانیان,6668,قزوین,Qazvin
1271,بهارستان,6433,تهران,Tehran
1470,چشمه سورت,6870,ساری,Mazandaran
595,عماد نظام,6460,فردوس,South Khorasan
495,الماس 1,6497,مشهد,Razavi Khorasan
2367,دایان,6497,مشهد,Razavi Khorasan
184,بخردی,6326,اصفهان,Esfahan
1596,آرین,6497,مشهد,Razavi Khorasan
2590,فاطیما,6672,قم,Qom
613,سهند 1,6497,مشهد,Razavi Khorasan
124,جام جم,6640,شیراز,Fars
534,کاروانسرای عباسی کوهپا,6326,اصفهان,Esfahan
2673,یلوه,7003,رودسر,Gilan
2186,مهمانسرا دشتی (اسنپ‌روم),6640,شیراز,Fars
1748,هتل آپارتمان آجیلیان (اسنپ‌روم),6497,مشهد,Razavi Khorasan
1036,سیبا,6497,مشهد,Razavi Khorasan
1290,ورزنه,7119,ورزنه,Esfahan
2403,پارمیس,6640,شیراز,Fars
2096,جانا,6858,تنکابن,Mazandaran
1802,ابریشم,6668,قزوین,Qazvin
406,دیپلمات,6497,مشهد,Razavi Khorasan
2657,البرز,6816,لاهیجان,Gilan
1712,ملت,6969,یزد,Yazd
1709,اوستا,6497,مشهد,Razavi Khorasan
2263,آفتاب جنوب,7157,لامرد,Fars
2016,عمو قدرت,7022,مینودشت,Golestan
1828,ویستریا,6433,تهران,Tehran
544,رنگین کمان,6497,مشهد,Razavi Khorasan
1908,نیک داد,6497,مشهد,Razavi Khorasan
107,ساباط,6969,یزد,Yazd
1869,جدیدی,6497,مشهد,Razavi Khorasan
2073,مهمانسرا مشهد (اسنپ‌روم),6433,تهران,Tehran
2674,خانواده,6497,مشهد,Razavi Khorasan
1801,سنتی کوه پا,7317,کوهپایه,Esfahan
2214,گلشن,6967,میبد,Yazd
1542,فارس,6433,تهران,Tehran
1368,المپیک,6931,قشم,Hormozgan
2546,رودبار,6497,مشهد,Razavi Khorasan
2371,کاخ,6640,شیراز,Fars
2007,وارش,7110,رودبار,Gilan
70,پارسیان اوین,6433,تهران,Tehran
1836,هتل آپارتمان علیزاده (اسنپ روم),6497,مشهد,Razavi Khorasan
1705,بزرگمهر,6326,اصفهان,Esfahan
885,لبخند,6497,مشهد,Razavi Khorasan
1522,نسیم,6497,مشهد,Razavi Khorasan
1700,آتوسا,6497,مشهد,Razavi Khorasan
2222,جاماسب,7381,خفر,Fars
1648,نگار,7119,ورزنه,Esfahan
1243,سرای آ بی بی,7111,نی‌ریز,Fars
276,بادله,6870,ساری,Mazandaran
551,سرابی,6535,شوشتر,Khuzestan
1847,آبشار,6497,مشهد,Razavi Khorasan
405,پرشیا,6541,اهواز,Khuzestan
476,بزرگ تهران 2,6433,تهران,Tehran
2507,پالاس,6918,کیش,Hormozgan
1137,آراد,6433,تهران,Tehran
2133,ثلاثی,6969,یزد,Yazd
1942,دلمون,6857,رامسر,Mazandaran
2204,فروردین,6980,بجنورد,North Khorasan
687,فروغ مهر,6640,شیراز,Fars
518,جهانگردی,6641,فسا,Fars
1255,رویال,6931,قشم,Hormozgan
536,ملل,6433,تهران,Tehran
2528,ناصر,6264,ارومیه,West Azerbaijan
1227,داریوش,6980,بجنورد,North Khorasan
429,شارین,6497,مشهد,Razavi Khorasan
1492,قدس,6497,مشهد,Razavi Khorasan
1627,جهان,6326,اصفهان,Esfahan
139,آسمان,6326,اصفهان,Esfahan
2252,بید سوخته,7082,اشکذر,Yazd
1085,نگین,6986,نور,Mazandaran
1059,شعرباف,6969,یزد,Yazd
2132,خورنگان,6641,فسا,Fars
201,داریوش,6918,کیش,Hormozgan
1083,کوشک آقا محمد,6988,قمصر,Esfahan
1982,دورشه,6931,قشم,Hormozgan
1287,خانه صفا,7118,آران و بیدگل,Esfahan
2621,سپید,6557,زنجان,Zanjan
304,سما 1,6931,قشم,Hormozgan
1342,باغ دو سرو,7018,تفت,Yazd
2627,اطلس,6782,گرگان,Golestan
2447,گینای,7309,سامان,Chaharmahal And Bakhtiari
1174,پارسیس,6497,مشهد,Razavi Khorasan
282,الماس,6800,بندر انزلی,Gilan
1518,کتیبه,6956,همدان,Hamedan
71,چهل پنجره,6326,اصفهان,Esfahan
944,قربانی,6497,مشهد,Razavi Khorasan
1576,ملک,6984,کاشان,Esfahan
2554,هتل تعاون (اسنپ‌روم),6497,مشهد,Razavi Khorasan
445,عتیق,6326,اصفهان,Esfahan
577,نگین بجنورد,6980,بجنورد,North Khorasan
2136,ورشیو,6319,نطنز,Esfahan
659,بیشاپور,6642,کازرون,Fars
1417,سیمرغ دنا,7192,سی‌سخت,Fars
2556,آرون,6497,مشهد,Razavi Khorasan
455,آریان,6681,بانه,Kordestan
1786,بید,6326,اصفهان,Esfahan
2055,خانه گردو,7310,دماوند,Tehran
1776,ماه نشان,6321,گلپایگان,Esfahan
2215,دلنوازان,6956,همدان,Hamedan
1510,نیما,6497,مشهد,Razavi Khorasan
851,ابریشم,6497,مشهد,Razavi Khorasan
836,عباس آباد,6956,همدان,Hamedan
579,سمرقند,6497,مشهد,Razavi Khorasan
2008,ننه کلثوم,6857,رامسر,Mazandaran
1081,امام رضا,7077,خمین,Markazi
2051,ورگان,6672,قم,Qom
1737,هتل چهلستون 2 (اسنپ‌روم),6326,اصفهان,Esfahan
631,آسمان,6931,قشم,Hormozgan
711,نارنجستان,7000,طبس,South Khorasan
227,جهانگردی تخت جمشید,7117,مرودشت,Fars
297,کیمیا ۴,6931,قشم,Hormozgan
2533,سارا,6497,مشهد,Razavi Khorasan
284,دلفین,6800,بندر انزلی,Gilan
134,کوثر,6640,شیراز,Fars
1538,رخسار,6931,قشم,Hormozgan
1925,ماه سلطان,6640,شیراز,Fars
1636,خانه نخجیر,7301,نراق,Markazi
710,ماه مهر مشهد,6497,مشهد,Razavi Khorasan
2028,نرکوه,7368,بندر دیر,Bushehr
835,امیرکبیر,6341,کرج,Alborz
2143,پارس,6549,آبادان,Khuzestan
215,ستاره دریا,6997,چمخاله,Gilan
973,شیرکوه,7018,تفت,Yazd
2115,تخت طاووس,6985,سرعین,Ardabil
2309,مهمانسرا رضا (اسنپ‌روم),6433,تهران,Tehran
2232,خانه معمار,6971,بافق,Yazd
2279,معصومه سلطان,6640,شیراز,Fars
893,نارتی تی,6969,یزد,Yazd
2291,ستارگان,6497,مشهد,Razavi Khorasan
692,یلدا0,6497,مشهد,Razavi Khorasan
308,رنگین کمان,6839,خرم‌آباد,Lorestan
2614,سیب و نار,6969,یزد,Yazd
1739,مهمانسرا خانه تهران (اسنپ‌روم),6433,تهران,Tehran
1767,الماس,6865,نوشهر,Mazandaran
1068,مهمانسرای آرین (اسنپ‌روم),6433,تهران,Tehran
1958,ساینا,6865,نوشهر,Mazandaran
963,وزرا,6433,تهران,Tehran
2664,شهر جهان,6969,یزد,Yazd
1867,قصر نیلی,6497,مشهد,Razavi Khorasan
1724,مهمانسرا نمونه (اسنپ‌روم),6326,اصفهان,Esfahan
530,ساحلی خلیج فارس,6931,قشم,Hormozgan
72,جمشید,6326,اصفهان,Esfahan
588,مجموع تفریحی زاگرس,6447,شهرکرد,Chaharmahal And Bakhtiari
314,جهانگردی,6260,ماکو,West Azerbaijan
492,سروش,6497,مشهد,Razavi Khorasan
2491,بامگاه,6745,کرمانشاه,Kermanshah
1988,پیر حرا,6931,قشم,Hormozgan
1966,لیلیوم,6918,کیش,Hormozgan
220,ارم,6640,شیراز,Fars
663,پرشیا 2,6433,تهران,Tehran
2236,چوبین,6858,تنکابن,Mazandaran
458,نگین,6984,کاشان,Esfahan
2540,توراندخت,7425,نوکنده,Golestan
593,مدینه الرضا,6497,مشهد,Razavi Khorasan
2223,جاوید,7111,نی‌ریز,Fars
2095,آماتیس,6433,تهران,Tehran
2393,حدیث,6497,مشهد,Razavi Khorasan
1890,رازی,6497,مشهد,Razavi Khorasan
347,دریا,6234,مراغه,East Azarbaijan
271,پارس,6713,کرمان,Kerman
857,صدف,6497,مشهد,Razavi Khorasan
2405,گیتی,6969,یزد,Yazd
218,هالیس,6834,بروجرد,Lorestan
505,جهانگردی,7156,ماهان,Kerman
2135,بام,7110,رودبار,Gilan
2385,اصفهانی,6497,مشهد,Razavi Khorasan
1102,فانوس,6918,کیش,Hormozgan
1804,آسمان,6497,مشهد,Razavi Khorasan
1249,ونوس پلاس (نمک آبرود),6864,چالوس,Mazandaran
14,ورزش,6433,تهران,Tehran
1670,آراز,6433,تهران,Tehran
1985,کاکا,6931,قشم,Hormozgan
1760,عبدی,6985,سرعین,Ardabil
1803,آرا,6969,یزد,Yazd
1986,آرتا,6931,قشم,Hormozgan
1651,روستامانی ارغوان,7304,ابهر,Zanjan
636,بهار,6264,ارومیه,West Azerbaijan
970,زرین,6672,قم,Qom
2562,اسفنجان,6570,سمنان,Semnan
40,ایرانشهر,6433,تهران,Tehran
2192,نعیمی,6644,استهبان,Fars
2493,سعید,6640,شیراز,Fars
2171,الیما,7327,ایذه,Khuzestan
1685,قصر خورشید,6497,مشهد,Razavi Khorasan
457,خاتم,6956,همدان,Hamedan
1183,صائب,6220,تبریز,East Azarbaijan
1637,آتور,6497,مشهد,Razavi Khorasan
1975,حراتیج,6433,تهران,Tehran
516,جهانگردی,6640,شیراز,Fars
1640,مهستان,7303,رضوانشهر,Gilan
2134,صاحب جان,7369,دهاقان,Esfahan
2221,خزر,7397,بیله‌سوار,Ardabil
2099,سلطان,6931,قشم,Hormozgan
2047,افرا,7345,گالیکش,Golestan
1127,آرمان,6930,درگهان,Hormozgan
376,جهانگردی,6969,یزد,Yazd
2503,سهراب,6984,کاشان,Esfahan
2245,امیرکبیر,6549,آبادان,Khuzestan
1592,خانه سبز,6969,یزد,Yazd
412,گسترش,6220,تبریز,East Azarbaijan
1829,پاییز,6288,اردبیل,Ardabil
630,دهکده,6497,مشهد,Razavi Khorasan
2400,حراتیج,6326,اصفهان,Esfahan
724,سقا,6497,مشهد,Razavi Khorasan
2009,هومان,6969,یزد,Yazd
2156,لیدوما,7370,ممسنی,Fars
1984,نخل,6931,قشم,Hormozgan
1259,حیدری,6640,شیراز,Fars
2257,فجر,7403,باغ‌ملک,Khuzestan
598,اکسین,6987,محمودآباد,Mazandaran
1785,همیاران,6862,فریدون‌کنار,Mazandaran
118,داد,6969,یزد,Yazd
330,بوستان,6985,سرعین,Ardabil
1773,شهریار,6930,درگهان,Hormozgan
1731,فلاحتی,6984,کاشان,Esfahan
294,کیمیا 2,6931,قشم,Hormozgan
815,اسکان,6857,رامسر,Mazandaran
2340,روبرو,6433,تهران,Tehran
1238,کمال الملک,6984,کاشان,Esfahan
482,عرش,6865,نوشهر,Mazandaran
110,کهن کاشانه,6969,یزد,Yazd
665,رکسان (نووتل سابق),6433,تهران,Tehran
1718,گلها,6640,شیراز,Fars
1352,راژیا,6668,قزوین,Qazvin
1412,آمیرزا,6984,کاشان,Esfahan
43,پرستو,6433,تهران,Tehran
232,مهینستان راهب,6984,کاشان,Esfahan
2402,رضوان,6497,مشهد,Razavi Khorasan
2573,ساحلی نخل,6363,عسلویه,Bushehr
2248,باغ سرای اردکان,6965,اردکان,Yazd
528,لوتوس,6918,کیش,Hormozgan
2242,موریکش,7259,سپیدان,Fars
433,رمیس (ایبیس سابق),6433,تهران,Tehran
1893,خوشبین,6670,تاکستان,Qazvin
1734,سارینا (چهار ستاره),6497,مشهد,Razavi Khorasan
1348,انار,7158,عقدا,Yazd
362,مریم,6984,کاشان,Esfahan
2408,علی قلی آقا,6326,اصفهان,Esfahan
1894,خیام,6326,اصفهان,Esfahan
148,گراند,6918,کیش,Hormozgan
2678,دلخش,6969,یزد,Yazd
2492,گیلان,6604,چابهار,Sistan And Baluchestan
1944,فانوس شب,7313,صومعه سرا,Gilan
381,پلاس,6931,قشم,Hormozgan
2050,ولایت,6672,قم,Qom
2372,کرامت,6433,تهران,Tehran
2058,اکو کمپ ستاره لوت,6713,کرمان,Kerman
1663,کندلوس,6865,نوشهر,Mazandaran
418,ملل,6800,بندر انزلی,Gilan
1973,توس,6931,قشم,Hormozgan
1192,نخل,6549,آبادان,Khuzestan
2390,ساربان,6497,مشهد,Razavi Khorasan
1421,ستاره,6969,یزد,Yazd
1668,اوتانا,6497,مشهد,Razavi Khorasan
2352,زاگرس,6541,اهواز,Khuzestan
1795,کوله پشتی,6969,یزد,Yazd
954,پارادایس,6497,مشهد,Razavi Khorasan
2639,سنتی,6745,کرمانشاه,Kermanshah
1589,ناز 2,6926,بندر عباس,Hormozgan
1765,مهیاد,7003,رودسر,Gilan
1920,حاجی اسماعیل,6956,همدان,Hamedan
1504,وکیل,6640,شیراز,Fars
632,مهر,6503,نیشابور,Razavi Khorasan
1927,فلامینگو,6864,چالوس,Mazandaran
278,سالار دره,6870,ساری,Mazandaran
2266,حاج قاسم,7405,دهق,Esfahan
2601,آریو,6497,مشهد,Razavi Khorasan
32,هتل اخوت (اسنپ‌روم),6433,تهران,Tehran
2189,کاخ امیران,6864,چالوس,Mazandaran
1057,ارم,7155,پاوه,Kermanshah
1851,آلتون,6497,مشهد,Razavi Khorasan
2113,کاشکیلو,6713,کرمان,Kerman
2119,الماس,7014,دلیجان,Markazi
2366,ربانی,6497,مشهد,Razavi Khorasan
171,هما,6640,شیراز,Fars
122,کریم خان,6640,شیراز,Fars
525,آبتین,6433,تهران,Tehran
1714,خانه مسافر آرام (اسنپ‌روم),6433,تهران,Tehran
1153,ماه بی بی,6965,اردکان,Yazd
1030,اهراب,6220,تبریز,East Azarbaijan
1258,فردوسی,6497,مشهد,Razavi Khorasan
474,صفوی,6326,اصفهان,Esfahan
2040,زاویه,6984,کاشان,Esfahan
590,آفتاب شرق,6497,مشهد,Razavi Khorasan
1334,هیرون,6390,بندر بوشهر,Bushehr
2356,یاسر,6497,مشهد,Razavi Khorasan
1886,بلوط,6745,کرمانشاه,Kermanshah
2238,شهداد,6969,یزد,Yazd
1539,امیران,6503,نیشابور,Razavi Khorasan
364,بزرگ,6209,کلیبر,East Azarbaijan
2310,مهمانسرا مهر فرهنگیان (اسنپ‌روم),6433,تهران,Tehran
2337,سفیر,6801,بندر آستارا,Gilan
2224,روشن,6684,سنندج,Kordestan
2500,میزبان (فروش ویژه‌ی نوروز),6861,بابلسر,Mazandaran
842,مروارید صدرا,6860,بهشهر,Mazandaran
908,نیشکر,6541,اهواز,Khuzestan
2080,شقایق,6839,خرم‌آباد,Lorestan
1673,بابا افضل,6984,کاشان,Esfahan
905,نیکان,6971,بافق,Yazd
949,سرای درب باغ,6984,کاشان,Esfahan
485,رضویه,6497,مشهد,Razavi Khorasan
1910,نصوری,7336,سیراف,Bushehr
1946,مینوسا,6326,اصفهان,Esfahan
1123,مشیری,6497,مشهد,Razavi Khorasan
1285,صادقی,6984,کاشان,Esfahan
961,میزبان (4 ستاره),6861,بابلسر,Mazandaran
832,نیلوفر,6875,آمل,Mazandaran
175,مجلل درویشی,6497,مشهد,Razavi Khorasan
1475,کریاس,6326,اصفهان,Esfahan
2613,امیرکبیر,6918,کیش,Hormozgan
1791,آریا,6497,مشهد,Razavi Khorasan
2150,شاه رستم,7375,سرچهان,Fars
179,کوثر ناب,6497,مشهد,Razavi Khorasan
1784,ایران,6668,قزوین,Qazvin
1689,عمارت بانو,6969,یزد,Yazd
1108,زمزم 2,6497,مشهد,Razavi Khorasan
1644,سپهر,6469,بیرجند,South Khorasan
1066,مروارید,6931,قشم,Hormozgan
1879,کیمیا,6349,طالقان,Alborz
312,صدرا,6858,تنکابن,Mazandaran
1639,مرکز گردشگری سلامت الوند,6672,قم,Qom
1533,دماوند,6497,مشهد,Razavi Khorasan
1121,خانه سبز,6640,شیراز,Fars
2410,روناک,6984,کاشان,Esfahan
2510,هزار و یک شب چهار باغ,6326,اصفهان,Esfahan
24,فردیس,6433,تهران,Tehran
1868,عقیق رضوی,6497,مشهد,Razavi Khorasan
1000,پین تا پین,6640,شیراز,Fars
1959,اشکانی,6326,اصفهان,Esfahan
1411,سعدی,6326,اصفهان,Esfahan
2487,@,6433,تهران,Tehran
463,هتل فرهنگ و هنر (اسنپ‌روم),6497,مشهد,Razavi Khorasan
1010,ژئو پارک,6931,قشم,Hormozgan
855,سپهر,6557,زنجان,Zanjan
1710,سرزمین آفتاب,6497,مشهد,Razavi Khorasan
1761,جاده ابریشم,6969,یزد,Yazd
2342,آوینا,6931,قشم,Hormozgan
1511,آدینا,6497,مشهد,Razavi Khorasan
1650,آسماری,6931,قشم,Hormozgan
829,قصر آیدین,6497,مشهد,Razavi Khorasan
414,امیر,6433,تهران,Tehran
649,باغ ارغوان,6857,رامسر,Mazandaran
2539,والاد,6640,شیراز,Fars
1138,بلور,6433,تهران,Tehran
2644,شاه ولی,6713,کرمان,Kerman
1230,ایوان,6497,مشهد,Razavi Khorasan
987,الماس,7019,عباس آباد,Mazandaran
1529,همراز,6497,مشهد,Razavi Khorasan
1846,تشریفات,6672,قم,Qom
2618,ونوس,6220,تبریز,East Azarbaijan
2334,سپنج,6984,کاشان,Esfahan
1941,حس خوب,6969,یزد,Yazd
280,بزرگ,6557,زنجان,Zanjan
1715,پرشیا,6326,اصفهان,Esfahan
407,نادری,6541,اهواز,Khuzestan
153,سی برگ,6497,مشهد,Razavi Khorasan
1488,شش بادگیری,6969,یزد,Yazd
2260,بام های سفالی,6805,تالش,Gilan
370,شادناز ۱,6931,قشم,Hormozgan
1621,بین المللی پارادایس,6209,کلیبر,East Azarbaijan
2616,خانه مسافر شهید (اسنپ‌روم),6497,مشهد,Razavi Khorasan
853,کاروانسرای زین الدین,7159,مهریز,Yazd
56,پاریز,6433,تهران,Tehran
1740,مهمانسرا محمدی (اسنپ‌روم),6433,تهران,Tehran
2670,آوا,6326,اصفهان,Esfahan
962,رصد خانه کاسین,6839,خرم‌آباد,Lorestan
894,کلاردشت,6873,کلاردشت,Mazandaran
652,هما 1,6497,مشهد,Razavi Khorasan
860,صبوری,6814,رشت,Gilan
1337,آرامیس,6497,مشهد,Razavi Khorasan
311,سان سیتی,6931,قشم,Hormozgan
2619,دیانا (اسنپ روم),6497,مشهد,Razavi Khorasan
1940,نخل فردوس,6497,مشهد,Razavi Khorasan
38,آفتاب,6433,تهران,Tehran
1754,تاج,6208,جلفا,East Azarbaijan
948,پرواز,6390,بندر بوشهر,Bushehr
743,پرشین,6834,بروجرد,Lorestan
1741,تچر,6640,شیراز,Fars
1720,تورال,6225,اسکو,East Azarbaijan
416,هتل ابن سینا (اسنپ‌روم),6326,اصفهان,Esfahan
277,نوید,6870,ساری,Mazandaran
340,مینو,6497,مشهد,Razavi Khorasan
1159,قلعه الموت,6668,قزوین,Qazvin
846,شایلی,6918,کیش,Hormozgan
661,انزان,7005,خوزستان,Khuzestan
984,امین,6595,زاهدان,Sistan And Baluchestan
2661,پارسیان امام رضا,6497,مشهد,Razavi Khorasan
1825,ترلان,7322,اسدآباد,Hamedan
53,سیمرغ,6433,تهران,Tehran
2502,فرتاک,6433,تهران,Tehran
2131,نخل زرین,6547,بندر امام خمینی,
1624,آنامیس,6433,تهران,Tehran
1999,دریای جنوب,6931,قشم,Hormozgan
2005,عمو زینل,6931,قشم,Hormozgan
472,حجاب,6433,تهران,Tehran
897,سام,6497,مشهد,Razavi Khorasan
1839,بهشت شور,7316,تنگستان,Bushehr
163,هلیا,6497,مشهد,Razavi Khorasan
1517,ترنجستان,6640,شیراز,Fars
1792,سهند 2,6497,مشهد,Razavi Khorasan
981,کویری بالی,7154,خور,Esfahan
1808,سبزینه پیرغار (باوینه ده چشمه),7318,فارسان,Chaharmahal And Bakhtiari
997,بولوار,6433,تهران,Tehran
1132,خانه خشتی,6969,یزد,Yazd
2646,دیاکو,6264,ارومیه,West Azerbaijan
1719,کیمیا,6857,رامسر,Mazandaran
1600,آفتاب چغاخور,6452,بروجن,Chaharmahal And Bakhtiari
715,سحر,6497,مشهد,Razavi Khorasan
421,پتروشیمی,6220,تبریز,East Azarbaijan
493,سراج,6497,مشهد,Razavi Khorasan
1364,کارون,6433,تهران,Tehran
2484,پری دخت,6640,شیراز,Fars
478,خانه‌ی منوچهری,6984,کاشان,Esfahan
2631,کاروانیک تست,6433,تهران,Tehran
2057,گیل خانه,7351,کوچصفهان,Gilan
1805,خشت و ماه,6965,اردکان,Yazd
734,نقش شاپور,7113,داراب,Fars
1528,تبسم,6497,مشهد,Razavi Khorasan
229,پارک,6640,شیراز,Fars
1759,پارس,6326,اصفهان,Esfahan
2665,فرهیختگان,6541,اهواز,Khuzestan
2296,دانشمند,6326,اصفهان,Esfahan
515,جهانگردی,6321,گلپایگان,Esfahan
2228,چمگل,7259,سپیدان,Fars
1884,آرتمیس,6969,یزد,Yazd
54,تاج محل,6433,تهران,Tehran
1943,پاسارگاد,6672,قم,Qom
80,اصفهان,6326,اصفهان,Esfahan
1349,خانه دوست,7260,سوزا,Hormozgan
112,سنتی رز,6969,یزد,Yazd
1747,درسا,6497,مشهد,Razavi Khorasan
195,پارت,6326,اصفهان,Esfahan
2358,آنا,6326,اصفهان,Esfahan
415,ارس,6220,تبریز,East Azarbaijan
2247,کاخ,6541,اهواز,Khuzestan
1257,دیپلمات,7114,بندر لنگه,Hormozgan
1913,گاره دژ,7119,ورزنه,Esfahan
1690,یلدا,6497,مشهد,Razavi Khorasan
260,کادوس بزرگ,6814,رشت,Gilan
2592,شانلی,6782,گرگان,Golestan
157,سورینت صدف,6918,کیش,Hormozgan
234,پارسیان,6956,همدان,Hamedan
2353,هزار آبه,6906,اراک,Markazi
2229,هتل ایران (اسنپ‌روم),6220,تبریز,East Azarbaijan
863,آنا,6497,مشهد,Razavi Khorasan
2330,تیانا,6497,مشهد,Razavi Khorasan
2062,چشمه مراد,6566,شاهرود,Semnan
1409,سحاب,6497,مشهد,Razavi Khorasan
1643,هتل نادری نو (اسنپ‌روم),6433,تهران,Tehran
1242,شادناز 2,6931,قشم,Hormozgan
423,سورینت مریم,6918,کیش,Hormozgan
1613,زرین توس,6497,مشهد,Razavi Khorasan
1635,ونک,6433,تهران,Tehran
2149,ایل یورد,6646,فیروزآباد,Fars
2029,کیمه,6871,بابل,Mazandaran
2620,رویای شیرین,6857,رامسر,Mazandaran
694,شیرین,6984,کاشان,Esfahan
849,دهکده توریستی ملل شاندرمن,6785,ماسال,Gilan
604,ساحل قناری,6861,بابلسر,Mazandaran
1540,باروژ,6858,تنکابن,Mazandaran
817,دورنا,7015,مشگین شهر,Ardabil
1609,زاغ بور,6469,بیرجند,South Khorasan
1622,سرای سایه,6984,کاشان,Esfahan
2264,سرو کهن,7355,ابرکوه,Yazd
2072,گنجه,6969,یزد,Yazd
303,نگین,6980,بجنورد,North Khorasan
826,ابوالفضل,6801,بندر آستارا,Gilan
383,شبستان,6814,رشت,Gilan
697,ونوس,6433,تهران,Tehran
538,فیروزه توس,6497,مشهد,Razavi Khorasan
323,سنگسر,6995,مهدی‌شهر,Semnan
1187,جهانگردی شعبه 2,6713,کرمان,Kerman
837,تتیس,6801,بندر آستارا,Gilan
1479,سنتی ددمان,6557,زنجان,Zanjan
133,حافظ,6640,شیراز,Fars
348,جهانگردی,6289,خلخال,Ardabil
121,کاروانسرای مشیر,6969,یزد,Yazd
498,جهانگردی,6670,تاکستان,Qazvin
1844,آواسا,6969,یزد,Yazd
1809,قوامیه,7300,گناباد,Razavi Khorasan
1091,نویذر الموت,6668,قزوین,Qazvin
548,گلستان,6433,تهران,Tehran
1771,میناس,6326,اصفهان,Esfahan
1188,خوان دو حد,6969,یزد,Yazd
2386,شاه ابوالقاسم,6969,یزد,Yazd
877,مروارید,6220,تبریز,East Azarbaijan
575,آفتاب شرق,6918,کیش,Hormozgan
695,کنعان,6497,مشهد,Razavi Khorasan
2306,حکیم,6326,اصفهان,Esfahan
2519,شایان,6220,تبریز,East Azarbaijan
1459,ارگ سنگی سنگان,6433,تهران,Tehran
2572,تورال,6220,تبریز,East Azarbaijan
1100,رجینا,6349,طالقان,Alborz
325,جهانگردی,6595,زاهدان,Sistan And Baluchestan
45,هتل امام خمینی (اسنپ‌روم),6433,تهران,Tehran
2579,عمارت جامعی,6535,شوشتر,Khuzestan
1681,کوثر,6497,مشهد,Razavi Khorasan
1738,خانه صفا,6969,یزد,Yazd
16,پرشیا 1,6433,تهران,Tehran
1052,عمارت افضل,6535,شوشتر,Khuzestan
265,پارسه,6640,شیراز,Fars
2287,سنگ پلوی,6984,کاشان,Esfahan
1677,آناهیتا,6640,شیراز,Fars
1964,کلوت,6969,یزد,Yazd
2285,ایران مهر,6640,شیراز,Fars
1065,جام جم,6918,کیش,Hormozgan
2597,صوفی,6326,اصفهان,Esfahan
2173,نگارین,7154,خور,Esfahan
1535,ناردونه,7018,تفت,Yazd
834,شهر,6875,آمل,Mazandaran
1665,پنج دری,6326,اصفهان,Esfahan
1996,قندیل نمکدان,6931,قشم,Hormozgan
1965,رگ راگ,6326,اصفهان,Esfahan
1698,نارنجستان,6208,جلفا,East Azarbaijan
2407,بنازاده,6497,مشهد,Razavi Khorasan
2659,اسپهبد,7349,سواد کوه,
33,کیمیا (پارسی),6433,تهران,Tehran
1283,خواجو,6326,اصفهان,Esfahan
1464,ساحلی خزر,6857,رامسر,Mazandaran
2241,آق دایی,6640,شیراز,Fars
212,ائل گلی,6220,تبریز,East Azarbaijan
1798,خشت و خاطره,6969,یزد,Yazd
2561,پیرسوک,6640,شیراز,Fars
2671,ورتاج,6640,شیراز,Fars
1256,نور النجف,6497,مشهد,Razavi Khorasan
286,نخل زرین,6931,قشم,Hormozgan
2024,لاوان,6497,مشهد,Razavi Khorasan
1229,زیتون 2,7110,رودبار,Gilan
1827,ایرمان,6969,یزد,Yazd
2598,شعله ماسوله,6815,فومن,Gilan
1009,گلاره,6497,مشهد,Razavi Khorasan
302,ساحل طلایی,6931,قشم,Hormozgan
1406,ایروانی,6326,اصفهان,Esfahan
1240,سنتی ایوان,7156,ماهان,Kerman
341,میثاق ملل,6497,مشهد,Razavi Khorasan
2250,الماس شهر,7400,فراشبند,Fars
1800,مینو,7022,مینودشت,Golestan
1006,قابوس,7021,گنبد کاووس,Golestan
20,هتل سفیر (اسنپ‌روم),6433,تهران,Tehran
594,کیانا,6497,مشهد,Razavi Khorasan
989,کبیر,6985,سرعین,Ardabil
1902,خانه قاجار,6326,اصفهان,Esfahan
2638,دُرّ,6497,مشهد,Razavi Khorasan
2668,چیلا,6326,اصفهان,Esfahan
1751,چشمه سبز,7311,گلمکان,Razavi Khorasan
1274,ارس,6433,تهران,Tehran
519,جهانگردی,6646,فیروزآباد,Fars
1460,هیلان,6711,رفسنجان,Kerman
898,ثقلین,6497,مشهد,Razavi Khorasan
287,ایرسا,6931,قشم,Hormozgan
618,آپادانا,7003,رودسر,Gilan
706,آسایش,6497,مشهد,Razavi Khorasan
684,زنده رود,6326,اصفهان,Esfahan
683,اسپادانا,6918,کیش,Hormozgan
1820,حیات,6288,اردبیل,Ardabil
1903,سنتی,6969,یزد,Yazd
2034,اکو کمپ کویری متین آباد,7350,بادرود,Esfahan
1165,خاتم,6918,کیش,Hormozgan
13,رز,6433,تهران,Tehran
2056,زند,6640,شیراز,Fars
971,شروین,6326,اصفهان,Esfahan
2348,پارسیک,6969,یزد,Yazd
114,ابیانه,6998,ابیانه,Esfahan
1947,هالیدی پارک,6857,رامسر,Mazandaran
55,هویزه,6433,تهران,Tehran
500,جهانگردی,7307,شمشک,Tehran
2185,قائم,6469,بیرجند,South Khorasan
1595,اکو کمپ شباهنگ کویر,6969,یزد,Yazd
2101,بیجار,6805,تالش,Gilan
1687,نعمت اللهی,7156,ماهان,Kerman
1142,کشاورز,6433,تهران,Tehran
77,پارتیکان,6326,اصفهان,Esfahan
2104,بهار,6549,آبادان,Khuzestan
812,گلزار,6497,مشهد,Razavi Khorasan
882,ذاکر,6497,مشهد,Razavi Khorasan
1646,مهسان,6672,قم,Qom
2534,جهان,6858,تنکابن,Mazandaran
2012,ارگ,7346,کیان,Chaharmahal And Bakhtiari
820,علی,6985,سرعین,Ardabil
1660,سرای سنتی هاتف,6326,اصفهان,Esfahan
1605,سرای کاوه,6969,یزد,Yazd
511,جهانگردی,6683,مریوان,Kordestan
443,جلفا,6326,اصفهان,Esfahan
2022,زنبق,6497,مشهد,Razavi Khorasan
998,ساحل سرخ,7020,جزیره هرمز,Hormozgan
2514,ملل,6857,رامسر,Mazandaran
1116,نخل,6800,بندر انزلی,Gilan
1131,شیراز,6497,مشهد,Razavi Khorasan
2582,هتل آپارتمان حمایت (اسنپ روم),6497,مشهد,Razavi Khorasan
2333,هتل سنتی زیبا (اسنپ روم),6640,شیراز,Fars
1124,بیمارستان قلب شهید رجایی,6433,تهران,Tehran
1058,هانی پارس,6497,مشهد,Razavi Khorasan
104,ادیب الممالک,6969,یزد,Yazd
666,بشری,6497,مشهد,Razavi Khorasan
1467,رفاه پردیس,6497,مشهد,Razavi Khorasan
355,جهانگردی,6208,جلفا,East Azarbaijan
1420,فانوس ویونا,6984,کاشان,Esfahan
1497,الماس,6969,یزد,Yazd
419,جهانگردی,6326,اصفهان,Esfahan
2571,هیوا,6713,کرمان,Kerman
1822,گنجعلی خان,6713,کرمان,Kerman
1232,جهان نما,6640,شیراز,Fars
959,دریا,6288,اردبیل,Ardabil
990,پیام,6906,اراک,Markazi
319,کمال‌الملک,6503,نیشابور,Razavi Khorasan
2277,بابا شبنم,6460,فردوس,South Khorasan
2237,ارم (2 ستاره),6918,کیش,Hormozgan
952,علمدار,6497,مشهد,Razavi Khorasan
382,ملک,6864,چالوس,Mazandaran
1134,اکو کمپ عشایری دورنا,7015,مشگین شهر,Ardabil
725,اردیبهشت,6814,رشت,Gilan
254,سی نور,6497,مشهد,Razavi Khorasan
1652,امپریال,6208,جلفا,East Azarbaijan
2505,هتل آپارتمان قصر گل (اسنپ روم),6497,مشهد,Razavi Khorasan
411,آتیلار,6926,بندر عباس,Hormozgan
1614,مهمانسرا علی (اسنپ‌روم),6433,تهران,Tehran
2542,بام,6289,خلخال,Ardabil
1237,جهانگردی,6535,شوشتر,Khuzestan
2198,فراز تخت جمشید,7391,امیدیه,Khuzestan
1495,امیران 2 فرهنگیان,6956,همدان,Hamedan
1647,سومیا,6541,اهواز,Khuzestan
41,شیراز,6433,تهران,Tehran
149,ارم (4 ستاره),6918,کیش,Hormozgan
1708,حریرستان,6497,مشهد,Razavi Khorasan
556,سان رایز,6918,کیش,Hormozgan
1097,کاملیا,7115,سبزوار,Razavi Khorasan
1241,نقره,6969,یزد,Yazd
1587,کلهر,7154,خور,Esfahan
1672,آرامش,6541,اهواز,Khuzestan
1865,آوازه,6497,مشهد,Razavi Khorasan
1458,طوبی,6326,اصفهان,Esfahan
473,ارم,6931,قشم,Hormozgan
2042,پردیس,6341,کرج,Alborz
209,معین,6815,فومن,Gilan
1489,لوکس پرشیا,6931,قشم,Hormozgan
1252,بین المللی,6918,کیش,Hormozgan
2349,عمارت مرمر,6541,اهواز,Khuzestan
2284,آرمنیا,6326,اصفهان,Esfahan
1716,باغ پهلوان پور,7159,مهریز,Yazd
992,پرهام,6497,مشهد,Razavi Khorasan
1094,دالون,6969,یزد,Yazd
2370,دیاموند,6931,قشم,Hormozgan
611,رضا,6497,مشهد,Razavi Khorasan
479,سلام,6433,تهران,Tehran
2298,شایان,6800,بندر انزلی,Gilan
647,دریاچه قو,6857,رامسر,Mazandaran
2079,ترنج سبز,6969,یزد,Yazd
1880,آراکس,6497,مشهد,Razavi Khorasan
248,پارس,6541,اهواز,Khuzestan
2212,راویج,7354,سه‌قلعه,South Khorasan
1991,فردیس,6931,قشم,Hormozgan
887,دیبا,6497,مشهد,Razavi Khorasan
1491,آرام,7258,زابل,Sistan And Baluchestan
352,زمرد,6497,مشهد,Razavi Khorasan
1980,گفاره,7260,سوزا,Hormozgan
1370,تهران درسا,6433,تهران,Tehran
1072,بین المللی فردوس,6604,چابهار,Sistan And Baluchestan
1104,آرا,6918,کیش,Hormozgan
904,هاله,6681,بانه,Kordestan
2014,ماه تی تی,6857,رامسر,Mazandaran
2094,بهار,6969,یزد,Yazd
2193,اُ آ سیس,6969,یزد,Yazd
339,جم حذف شده,6497,مشهد,Razavi Khorasan
1807,ثامن ۱,6497,مشهد,Razavi Khorasan
1758,کاروانسرای صفویه سریزد,7159,مهریز,Yazd
2121,سامان,6785,ماسال,Gilan
1519,انجیلو,7264,دلند,Golestan
1228,خانه باغ ایرانی,6640,شیراز,Fars
2640,هگمتانه,6956,همدان,Hamedan
605,ترنج,6918,کیش,Hormozgan
2074,زرین چاه,7354,سه‌قلعه,South Khorasan
501,جهانگردی,6570,سمنان,Semnan
2602,بین الحرمین,6497,مشهد,Razavi Khorasan
1969,اطلس,6926,بندر عباس,Hormozgan
2273,نگین زاگرس,7342,اَردکان,Yazd
2218,هزار دره,7347,کلاله,Golestan
1079,آنا,6918,کیش,Hormozgan
1642,نادری,6433,تهران,Tehran
527,هفت آسمان,6497,مشهد,Razavi Khorasan
1536,آزادی,6220,تبریز,East Azarbaijan
31,مهرگان,6433,تهران,Tehran
2081,ارگ کریم خان,6640,شیراز,Fars
868,هتل آپارتمان تاوریژ (اسنپ‌روم),6433,تهران,Tehran
351,تهران,6497,مشهد,Razavi Khorasan
2628,فرهمند,7257,جهرم,Fars
2067,کنگ کهن,7353,طرقبه,Razavi Khorasan
1260,کاسپین,6220,تبریز,East Azarbaijan
1742,ثامن 2,6497,مشهد,Razavi Khorasan
1896,شیخ صفی,6288,اردبیل,Ardabil
1853,فردوسی,6433,تهران,Tehran
623,سایه,6497,مشهد,Razavi Khorasan
572,صدف,6545,ماهشهر,Khuzestan
1234,کارون,6839,خرم‌آباد,Lorestan
514,جهانگردی,6336,داران,Esfahan
1486,ایساتیس,6497,مشهد,Razavi Khorasan
2355,الزهرا,6672,قم,Qom
672,مجموعه قصر نوین,6497,مشهد,Razavi Khorasan
2105,تهران,6549,آبادان,Khuzestan
886,پوریا,6800,بندر انزلی,Gilan
2387,امیرکبیر,6433,تهران,Tehran
1912,سفرا طلایی,6497,مشهد,Razavi Khorasan
2234,خانه پامنار,7080,دزفول,Khuzestan
2648,ویهان,6931,قشم,Hormozgan
1093,پردیسان فاز 2,6969,یزد,Yazd
2255,خانه خیام,6640,شیراز,Fars
1631,ستاره ویلا,6433,تهران,Tehran
708,رسالت,6497,مشهد,Razavi Khorasan
1585,سبنی,7297,بردسکن,Razavi Khorasan
1474,خانه خورشید,6969,یزد,Yazd
2071,زیتون,6433,تهران,Tehran
2283,جمالی (عرشیا),6497,مشهد,Razavi Khorasan
1998,خاله خورشید,6931,قشم,Hormozgan
1357,هخامنشیان پارتاک,6326,اصفهان,Esfahan
1728,ناکو,6390,بندر بوشهر,Bushehr
467,جهانگردی,6433,تهران,Tehran
57,آکادمی فوتبال ایران,6433,تهران,Tehran
2521,دیبا,6984,کاشان,Esfahan
1179,الماس نوین,6497,مشهد,Razavi Khorasan
1782,ماه منیر,6640,شیراز,Fars
522,اطلس,6497,مشهد,Razavi Khorasan
1843,آرامش,7116,ملایر,Hamedan
883,اطلس,6433,تهران,Tehran
2636,هفت شهر,6969,یزد,Yazd
2217,آب انجیر,6640,شیراز,Fars
2262,رضا,7394,بهبهان,Khuzestan
1891,گلکار,6969,یزد,Yazd
1819,قلعه نو,7321,جیرفت,Kerman
1706,تنکا پارسه,6858,تنکابن,Mazandaran
2093,تاج محل,6497,مشهد,Razavi Khorasan
1503,جواهر,6857,رامسر,Mazandaran
822,بندر امام خمینی,7005,خوزستان,Khuzestan
78,سنتی,6326,اصفهان,Esfahan
499,جهانگردی,6864,چالوس,Mazandaran
100,سرای پدری,6303,خوانسار,Esfahan
1410,آذین,6604,چابهار,Sistan And Baluchestan
1149,سرای نه چم,6984,کاشان,Esfahan
137,لطفعلی خان,6640,شیراز,Fars
1588,خانه شما,6969,یزد,Yazd
379,شورابیل,6288,اردبیل,Ardabil
581,آرام ماسوله,7420,ماکلوان,Gilan
456,گنجنامه,6956,همدان,Hamedan
111,هتل آرامش (اسنپ‌روم),6969,یزد,Yazd
2282,برج سپید,6956,همدان,Hamedan
2558,المپیک باقری,6760,یاسوج,Kohgiluyeh Va Buyer Ahmad
1790,عرش,6497,مشهد,Razavi Khorasan
1063,قصر شمس,6497,مشهد,Razavi Khorasan
2607,گل افرا,6640,شیراز,Fars
601,پاتریس,6819,چابکسر,Gilan
2272,ساحل,6926,بندر عباس,Hormozgan
318,جهانگردی,6216,مرند,East Azarbaijan
727,فلور,6289,خلخال,Ardabil
2622,سران,6326,اصفهان,Esfahan
827,هتل زاگرس (اسنپ روم),6497,مشهد,Razavi Khorasan
1087,سرای اوروزا,6969,یزد,Yazd
2645,سئحراما,6209,کلیبر,East Azarbaijan
2157,بی بی شریفه,7314,بیارجمند,Semnan
1950,مرکزی,6985,سرعین,Ardabil
606,زاگرس,6352,ایلام,Ilam
1172,سیمرغ,6918,کیش,Hormozgan
1351,سپهری,6640,شیراز,Fars
1695,دالان بهشت,6969,یزد,Yazd
453,سینا,6745,کرمانشاه,Kermanshah
1516,آریو,6326,اصفهان,Esfahan
1487,قنات,6969,یزد,Yazd
1864,آیران,6497,مشهد,Razavi Khorasan
901,سروش,6433,تهران,Tehran
831,شهر قصه,6987,محمودآباد,Mazandaran
1110,طبیب,6535,شوشتر,Khuzestan
1826,ترنج,7318,فارسان,Chaharmahal And Bakhtiari
1347,ثنا,6984,کاشان,Esfahan
73,کاوه,6326,اصفهان,Esfahan
462,نیلو,6433,تهران,Tehran
487,ایران,6918,کیش,Hormozgan
2354,گلایول,6497,مشهد,Razavi Khorasan
2023,تام,6497,مشهد,Razavi Khorasan
1169,داوود,6497,مشهد,Razavi Khorasan
2090,آزادی,7107,ساوه,Markazi
1498,خانه پارسی,6984,کاشان,Esfahan
428,میامی,6497,مشهد,Razavi Khorasan
2376,هتل آپارتمان حامی (اسنپ‌روم),6497,مشهد,Razavi Khorasan
1931,تخت جمشید,6497,مشهد,Razavi Khorasan
2513,دالان,6969,یزد,Yazd
436,آرامیس,6433,تهران,Tehran
146,موزه فهادان,6969,یزد,Yazd
1923,پارسا,6873,کلاردشت,Mazandaran
1469,آرش,6931,قشم,Hormozgan
2596,ارغوان,6497,مشهد,Razavi Khorasan
2660,رویال پالاس,6220,تبریز,East Azarbaijan
828,سفیر,6800,بندر انزلی,Gilan
1482,ثامن السرور,6497,مشهد,Razavi Khorasan
2177,خانه جواهری,7384,بویین و میاندشت,Esfahan
2374,ولیعصر,6433,تهران,Tehran
2346,تورنگ,6816,لاهیجان,Gilan
1711,شرق,6969,یزد,Yazd
1262,کریم خان زند,7116,ملایر,Hamedan
29,جهانگردی میگون,6433,تهران,Tehran
1524,سی و سه پل,6497,مشهد,Razavi Khorasan
738,رویان قائم,6918,کیش,Hormozgan
1810,کهن پایاب,6969,یزد,Yazd
2448,تبرک,6497,مشهد,Razavi Khorasan
1989,اسد,6931,قشم,Hormozgan
1069,امید,6497,مشهد,Razavi Khorasan
237,شادی,6684,سنندج,Kordestan
161,الیزه,6640,شیراز,Fars
571,آزادی,6545,ماهشهر,Khuzestan
2481,نگین استیل,6801,بندر آستارا,Gilan
39,هتل جهان (اسنپ‌روم),6433,تهران,Tehran
1616,امیر,6931,قشم,Hormozgan
320,نارنج,6870,ساری,Mazandaran
1845,ستاره شرق,6497,مشهد,Razavi Khorasan
494,کوثر (دو ستاره),6497,مشهد,Razavi Khorasan
2240,کلبه کوهسار,7399,خانه زنیان,Fars
1704,یاس,6800,بندر انزلی,Gilan
2609,بشیر,6497,مشهد,Razavi Khorasan
988,جمیل,6672,قم,Qom
979,باغ معین,6541,اهواز,Khuzestan
1876,افرا,6801,بندر آستارا,Gilan
521,افرا,6497,مشهد,Razavi Khorasan
35,هتل آپارتمان رازی (اسنپ‌روم),6433,تهران,Tehran
873,پردیس,6433,تهران,Tehran
1099,همتا,6497,مشهد,Razavi Khorasan
1177,آزادی,6839,خرم‌آباد,Lorestan
2624,یادمان,6640,شیراز,Fars
955,بهشت تالاب,6800,بندر انزلی,Gilan
191,ملل,6497,مشهد,Razavi Khorasan
484,جهانگردی شعبه 1,6713,کرمان,Kerman
361,توس,6497,مشهد,Razavi Khorasan
2641,کوهستان,6873,کلاردشت,Mazandaran
1514,مجتمع فرهنگی و رفاهی پردیس دریاکنار,6861,بابلسر,Mazandaran
1182,ماهان,6672,قم,Qom
1466,فیروزه,6969,یزد,Yazd
200,پولادکف,7259,سپیدان,Fars
847,دهدار,6816,لاهیجان,Gilan
369,پارک,6931,قشم,Hormozgan
1629,وطن,6497,مشهد,Razavi Khorasan
592,راستین,6805,تالش,Gilan
2114,فرهنگ,6969,یزد,Yazd
673,هورام,6497,مشهد,Razavi Khorasan
2626,آسمان,6390,بندر بوشهر,Bushehr
192,ایران,6497,مشهد,Razavi Khorasan
1859,خانه مروی,7325,حسن آباد,Tehran
609,اسپینو,6497,مشهد,Razavi Khorasan
2030,بام سان,6668,قزوین,Qazvin
335,اترک,6497,مشهد,Razavi Khorasan
1796,پیسو,7316,تنگستان,Bushehr
1418,خان نشین,6326,اصفهان,Esfahan
356,جهانگردی,6760,یاسوج,Kohgiluyeh Va Buyer Ahmad
138,ارگ,6640,شیراز,Fars
2653,کوهاب,6319,نطنز,Esfahan
2375,خانه مسافر شریف (اسنپ‌روم),6672,قم,Qom
1691,هتل محیا (اسنپ‌روم),6497,مشهد,Razavi Khorasan
58,آساره,6433,تهران,Tehran
2069,صدرا,7107,ساوه,Markazi
430,فلامینگو,6918,کیش,Hormozgan
2280,مقدم,6642,کازرون,Fars
1830,سنتی درباری,6640,شیراز,Fars
2332,مهمانسرا ایرانفرد (اسنپ‌روم),6433,تهران,Tehran
388,اترک,6985,سرعین,Ardabil
539,منجی,6497,مشهد,Razavi Khorasan
2219,ریچی,6640,شیراز,Fars
1366,ارمغان 2,6497,مشهد,Razavi Khorasan
1916,هومن,6497,مشهد,Razavi Khorasan
977,الماس,6711,رفسنجان,Kerman
199,گامبرون,6918,کیش,Hormozgan
1088,بهار,6433,تهران,Tehran
705,یاقوت شرق,6497,مشهد,Razavi Khorasan
2677,پویا,6713,کرمان,Kerman
900,تخت جمشید,6873,کلاردشت,Mazandaran
985,امام رضا,6906,اراک,Markazi
203,باغ امیرکبیر,6906,اراک,Markazi
252,سپهر,6433,تهران,Tehran
2663,انوش,6497,مشهد,Razavi Khorasan
310,جهانگردی,6262,خوی,West Azerbaijan
2086,آقازاده,7355,ابرکوه,Yazd
2144,رستم,7371,اندیمشک,Khuzestan
345,تارا,6497,مشهد,Razavi Khorasan
2585,عمارت قاجاریه,6640,شیراز,Fars
1405,راسپینا,6672,قم,Qom
1733,سلما,6497,مشهد,Razavi Khorasan
1707,توحید نوین,6497,مشهد,Razavi Khorasan
1612,خونه سنگی میمند,7299,شهر بابک,Bushehr
1983,هودج,6931,قشم,Hormozgan
2623,گلفام,6861,بابلسر,Mazandaran
670,امیز کم,6626,باب انار,Fars
677,نگین پاسارگاد,6497,مشهد,Razavi Khorasan
2368,نظامیه,6433,تهران,Tehran
1883,روما,6433,تهران,Tehran
2388,عارفه,6497,مشهد,Razavi Khorasan
1109,تست تارا,6956,همدان,Hamedan
2629,ایثار,6570,سمنان,Semnan
1367,سینا,6668,قزوین,Qazvin
180,پارس,6497,مشهد,Razavi Khorasan
2606,اریکا,6497,مشهد,Razavi Khorasan
2000,حسینی,6931,قشم,Hormozgan
1901,آفریقا,6497,مشهد,Razavi Khorasan
1190,کارن,6497,مشهد,Razavi Khorasan
537,پارس نیک,6918,کیش,Hormozgan
552,پارسیان,6918,کیش,Hormozgan
315,چالدره,6858,تنکابن,Mazandaran
889,توکل,6873,کلاردشت,Mazandaran
490,قابوس,6931,قشم,Hormozgan
1835,کیان,6497,مشهد,Razavi Khorasan
2486,ملیسا,6497,مشهد,Razavi Khorasan
342,سلام,6497,مشهد,Razavi Khorasan
170,چمران,6640,شیراز,Fars
1783,شهرزاد,6969,یزد,Yazd
380,نیستان,6857,رامسر,Mazandaran
2401,آلان,6640,شیراز,Fars
1494,سفیر,6956,همدان,Hamedan
841,تعطیلات,6816,لاهیجان,Gilan
1268,هتل آپارتمان آیسان (اسنپ‌روم),6433,تهران,Tehran
1077,دریاکنار,7105,آستانه اشرفیه,Gilan
2369,نگین دشتستان,7422,برازجان,Bushehr
1915,صادقیه توس,6497,مشهد,Razavi Khorasan
12,پارسیان کوثر,6433,تهران,Tehran
1414,هتل تابان (اسنپ‌روم),6433,تهران,Tehran
2179,باغ دراز,7388,ایج,Fars
62,برج سفید,6433,تهران,Tehran
357,امیرکبیر,6834,بروجرد,Lorestan
650,آرنیکا,6640,شیراز,Fars
2102,اریباد,7358,سلطانیه,Zanjan
545,البرز,6433,تهران,Tehran
2003,باغ آیین های زینت,6931,قشم,Hormozgan
2658,لیانا,6497,مشهد,Razavi Khorasan
1935,ساوین,6497,مشهد,Razavi Khorasan
23,هتل مرکزی (اسنپ‌روم),6433,تهران,Tehran
328,جهانگردی,6567,دامغان,Semnan
1035,المپیا,6497,مشهد,Razavi Khorasan
2560,بام سراب,7427,دره شهر,Ilam
741,پاویون,6497,مشهد,Razavi Khorasan
2045,شوهاز,6604,چابهار,Sistan And Baluchestan
497,جهانگردی,6816,لاهیجان,Gilan
449,باباطاهر,6956,همدان,Hamedan
2545,گوهر,6497,مشهد,Razavi Khorasan
30,هتل ایران (اسنپ‌روم),6433,تهران,Tehran
1780,مولایی,6225,اسکو,East Azarbaijan
145,جواد,6497,مشهد,Razavi Khorasan
144,زهره,6326,اصفهان,Esfahan
89,شیخ بهایی,6326,اصفهان,Esfahan
1254,دیدار,6497,مشهد,Razavi Khorasan
1669,فرید,6220,تبریز,East Azarbaijan
881,بزرگ,6547,بندر امام خمینی,
1140,مهمانسرا صدریه (اسنپ‌روم),6433,تهران,Tehran
2068,خلعتبری,6857,رامسر,Mazandaran
1641,هفت رنگ,6640,شیراز,Fars
1278,روزهای طلایی,6713,کرمان,Kerman
1145,شیان,6433,تهران,Tehran
2536,دربار,6969,یزد,Yazd
59,اکسیس,6433,تهران,Tehran
2637,سیلوانه,7002,ماسوله,Gilan
1971,خانه باغ شاکر,7118,آران و بیدگل,Esfahan
11,مروارید,6433,تهران,Tehran
1270,مهمانسرا خانواده (اسنپ‌روم),6433,تهران,Tehran
1346,هفت دریا,6640,شیراز,Fars
578,نگین - غیر فعال,6980,بجنورد,North Khorasan
1963,دیانا,6497,مشهد,Razavi Khorasan
2013,مهر,6857,رامسر,Mazandaran
2123,نراقیها,7301,نراق,Markazi
350,موج های آبی باران,6994,رضوان‌شهر,Gilan
1945,ساسنگ,7022,مینودشت,Golestan
541,لاله,6604,چابهار,Sistan And Baluchestan
728,پرنیان,6289,خلخال,Ardabil
1362,آبی,6986,نور,Mazandaran
349,لاله,6969,یزد,Yazd
1823,بابا ابراهیم,7328,ونک,Esfahan
1273,نیکان,6433,تهران,Tehran
2271,اسلامی,7407,ماه‌نشان,Zanjan
2194,کوچ بوم,7259,سپیدان,Fars
1515,قصر,7263,ایرانشهر,Sistan And Baluchestan
583,شارستان,6497,مشهد,Razavi Khorasan
559,گاردنیا,6918,کیش,Hormozgan
1634,پردیس فناوری,6433,تهران,Tehran
999,پرستاره,6497,مشهد,Razavi Khorasan
204,قصر بوتانیک,6782,گرگان,Golestan
1881,سرای کاسیان,6984,کاشان,Esfahan
2078,عمو نوروز,7000,طبس,South Khorasan
109,باغسرا,6965,اردکان,Yazd
1119,ریم رام,6363,عسلویه,Bushehr
2060,قوام,6640,شیراز,Fars
2226,سبزه نمک,7257,جهرم,Fars
1150,گلشهر,6433,تهران,Tehran
1821,سپیدار,6672,قم,Qom
1175,امیران 1 بعثت,6956,همدان,Hamedan
2054,بابا حبیب,7350,بادرود,Esfahan
2243,خانه محمدخان,6632,آباده,Fars
1289,ورکانه,6956,همدان,Hamedan
808,طوبی,6497,مشهد,Razavi Khorasan
2002,خالو منصور,6931,قشم,Hormozgan
1344,ارمغان 1,6497,مشهد,Razavi Khorasan
181,پارسیان کوثر,6326,اصفهان,Esfahan
1236,داریوش,6745,کرمانشاه,Kermanshah
249,پارسیان آزادی,6760,یاسوج,Kohgiluyeh Va Buyer Ahmad
1755,سرای درویش,6969,یزد,Yazd
622,پامچال,6433,تهران,Tehran
1939,واران,6684,سنندج,Kordestan
1626,دال دنا,7192,سی‌سخت,Fars
580,ستاره غیرفعال,6326,اصفهان,Esfahan
616,ترنم,6497,مشهد,Razavi Khorasan
1152,سلام,6433,تهران,Tehran
1952,اردیبهشت,6956,همدان,Hamedan
2085,اقامتگاه سنتی طاها (اسنپ‌روم),6326,اصفهان,Esfahan
207,هما,6926,بندر عباس,Hormozgan
1778,کوچه بالا (قشقایی),6969,یزد,Yazd
2654,صدف,6541,اهواز,Khuzestan
1253,پاسارگاد,7112,گچساران,Kohgiluyeh Va Buyer Ahmad
460,سینگو,6930,درگهان,Hormozgan
367,بهشهر,6860,بهشهر,Mazandaran
1937,ریحانه,6497,مشهد,Razavi Khorasan
717,پارسه,6497,مشهد,Razavi Khorasan
526,نیکان,6497,مشهد,Razavi Khorasan
2209,نور,7394,بهبهان,Khuzestan
1164,پیام,6557,زنجان,Zanjan
1170,علمدار,6971,بافق,Yazd
565,خور,6360,بندر گناوه,Bushehr
2409,حسینی,6497,مشهد,Razavi Khorasan
709,آروین,6497,مشهد,Razavi Khorasan
387,مهدی,6288,اردبیل,Ardabil
2286,سرو,6326,اصفهان,Esfahan
83,ماهان,6326,اصفهان,Esfahan
2656,وکیل (کاروانیکا),6713,کرمان,Kerman
187,شایگان,6918,کیش,Hormozgan
2041,لاجوردی,6984,کاشان,Esfahan
19,هالی,6433,تهران,Tehran
2021,سنتی (حاج رئیس),6390,بندر بوشهر,Bushehr
244,بام,6452,بروجن,Chaharmahal And Bakhtiari
653,لاله,6632,آباده,Fars
1977,پرویز,6931,قشم,Hormozgan
1499,آنا,6931,قشم,Hormozgan
2184,باغ تیتر,6971,بافق,Yazd
2116,حاج حسین پرویزی,6805,تالش,Gilan
888,نیاوران,6672,قم,Qom
1638,باغ شهران,6969,یزد,Yazd
1235,جهانگردی,7080,دزفول,Khuzestan
1729,ارشیا,6839,خرم‌آباد,Lorestan
2103,متا,7365,فیروزکوه,Tehran
116,کاروان,6969,یزد,Yazd
2089,صبا,6672,قم,Qom
1671,آرام,6326,اصفهان,Esfahan
983,رز ریحان,6640,شیراز,Fars
1506,بین الحرمین,6640,شیراز,Fars
2155,داریوش,6640,شیراز,Fars
2506,امینیان,6497,مشهد,Razavi Khorasan
1905,باستان,6985,سرعین,Ardabil
1043,جم,6497,مشهد,Razavi Khorasan
363,گلستان,6988,قمصر,Esfahan
1990,علیشاهی,6931,قشم,Hormozgan
2049,راگه,6711,رفسنجان,Kerman
1120,پلاس,6390,بندر بوشهر,Bushehr
966,فاخر,6497,مشهد,Razavi Khorasan
615,بین المللی خلیج فارس,6926,بندر عباس,Hormozgan
2511,عمارت شهسواران,6326,اصفهان,Esfahan
1118,زیارت,6497,مشهد,Razavi Khorasan
1462,آتامان,6931,قشم,Hormozgan
610,امین,6926,بندر عباس,Hormozgan
1477,چیپال,6208,جلفا,East Azarbaijan
1654,امیر السلطنه,6984,کاشان,Esfahan
1037, مارال,6433,تهران,Tehran
1852,سارینا,6497,مشهد,Razavi Khorasan
529,آرین,6640,شیراز,Fars
2605,خانه شیراز,6640,شیراز,Fars
2293,آرکا,6800,بندر انزلی,Gilan
576,سپنتا,6497,مشهد,Razavi Khorasan
247,اسپیناس,6801,بندر آستارا,Gilan
409,ایساتیس,6801,بندر آستارا,Gilan
468,باباطاهر,6433,تهران,Tehran
1866,مهسان,6497,مشهد,Razavi Khorasan
27,پاسارگاد,6433,تهران,Tehran
858,ترنج,7003,رودسر,Gilan
531,اسپادانا,6326,اصفهان,Esfahan
2672,سپید,6985,سرعین,Ardabil
854,عمارت,6497,مشهد,Razavi Khorasan
2404,یاس,6326,اصفهان,Esfahan
2305,مهمانسرا بعثت (اسنپ‌روم),6433,تهران,Tehran
1468,اقامتگاه سنتی گلشن (اسنپ‌روم),6640,شیراز,Fars
371,آهوان,6819,چابکسر,Gilan
2335,مالمیر,6969,یزد,Yazd
2364,خاور,6497,مشهد,Razavi Khorasan
1676,اقامتگاه بوم گردی شاخه نبات (اسنپ‌روم),6969,یزد,Yazd
2494,قصر نادری,6672,قم,Qom
2082,خانه شیرازی,6640,شیراز,Fars
1926,شهر,6986,نور,Mazandaran
678,منتا,6497,مشهد,Razavi Khorasan
1527,مشاهیر,6497,مشهد,Razavi Khorasan
557,آیسان,6497,مشهد,Razavi Khorasan
1593,پرنده سفید,6497,مشهد,Razavi Khorasan
1834,خیام,6497,مشهد,Razavi Khorasan
222,هدیش,6640,شیراز,Fars
1339,وستا,6858,تنکابن,Mazandaran
2517,سر پله,6984,کاشان,Esfahan
1501,امیرکبیر,6640,شیراز,Fars
1360,لرد,7260,سوزا,Hormozgan
1794,کلبه عادل,6871,بابل,Mazandaran
210,نارنجستان,6842,ایزدشهر,Mazandaran
2166,سیمکان,7378,بوانات,Fars
1725,کیاوش,6969,یزد,Yazd
2365,شاکر,6497,مشهد,Razavi Khorasan
2377,مهمانسرا ویلا (اسنپ‌روم),6640,شیراز,Fars
1735,مین سی,7121,شیرگاه,Mazandaran
871,سالیز,6839,خرم‌آباد,Lorestan
1291,بادگیر,6969,یزد,Yazd
1122,آوا,6497,مشهد,Razavi Khorasan
2159,سروناز,7378,بوانات,Fars
864,پردیس - غیر فعال ۲,6497,مشهد,Razavi Khorasan
1994,جهان نمک,6931,قشم,Hormozgan
162,تالار,6640,شیراز,Fars
714,آدینه,6497,مشهد,Razavi Khorasan
1766,پرشیا,6865,نوشهر,Mazandaran
90,سفیر,6326,اصفهان,Esfahan
2043,پاوا,6326,اصفهان,Esfahan
2167,طارونه,7381,خفر,Fars
1300,متین ترنج,6857,رامسر,Mazandaran
2535,خطایی,6288,اردبیل,Ardabil
97,زاگرس,6303,خوانسار,Esfahan
1899,دهکده گردشگری و سلامت مخملکوه,6839,خرم‌آباد,Lorestan
441,همام,6326,اصفهان,Esfahan
1744,ایثار رضوی,6497,مشهد,Razavi Khorasan
2600,جوارالملک,6497,مشهد,Razavi Khorasan
300,مارینا 2,6931,قشم,Hormozgan
1904,حنا,6433,تهران,Tehran
1512,هرمس,6497,مشهد,Razavi Khorasan
2276,مارون,7394,بهبهان,Khuzestan
65,بزرگ تهران 1,6433,تهران,Tehran
2630,هفت دری,6640,شیراز,Fars
1917,شریف جواهری,6497,مشهد,Razavi Khorasan
1143,دانش,6433,تهران,Tehran
872,میرعماد,6668,قزوین,Qazvin
158,تماشا,6918,کیش,Hormozgan
513,جهانگردی,6839,خرم‌آباد,Lorestan
307,جهانگردی خلخال,6288,اردبیل,Ardabil
317,بزرگ,6234,مراغه,East Azarbaijan
1338,خشت آباد,6969,یزد,Yazd
1413,آریان,6986,نور,Mazandaran
1130,کوروش,6985,سرعین,Ardabil
432,پارس کاروانسرا,6549,آبادان,Khuzestan
2128,ریواس,7159,مهریز,Yazd
437,ملک,6326,اصفهان,Esfahan
1496,ارگ محتشم,6988,قمصر,Esfahan
542,رویای قدیم,6969,یزد,Yazd
809,همای سعادت,7014,دلیجان,Markazi
2391,الیف,6220,تبریز,East Azarbaijan
264,اطلس,6640,شیراز,Fars
1001,آلاله مرکزی,6930,درگهان,Hormozgan
1502,اولیا,6497,مشهد,Razavi Khorasan
1978,بادلا,6931,قشم,Hormozgan
553,آرامش,6918,کیش,Hormozgan
261,نیایش,6640,شیراز,Fars
1871,بهمن,7326,کردکوی,Golestan
1007,اخوان,6713,کرمان,Kerman
2552,میدان کوچک,6326,اصفهان,Esfahan
1769,سینا,6865,نوشهر,Mazandaran
1532,برکات,6497,مشهد,Razavi Khorasan
2254,خلاش,6352,ایلام,Ilam
1490,کرمانیا,6713,کرمان,Kerman
2258,تختعلی,6805,تالش,Gilan
648,آوین,6326,اصفهان,Esfahan
1184,رضا,7108,شیروان,North Khorasan
2188,چشمه پیتا,7378,بوانات,Fars
2632,الهیه (اسنپ روم),6497,مشهد,Razavi Khorasan
2027,پرشیا 3,6865,نوشهر,Mazandaran
391,پدرام,6985,سرعین,Ardabil
1919,شیرین و فرهاد,6814,رشت,Gilan
1653,روزیه,6995,مهدی‌شهر,Semnan
471,مشهد,6433,تهران,Tehran
1934,پارساوا,6497,مشهد,Razavi Khorasan
2347,پانوراما,6918,کیش,Hormozgan
2146,مهکیان,7372,خنج,Fars
911,بلوط,6433,تهران,Tehran
2111,تی تی نار,7120,خمام,Gilan
861,پارمیدا,6497,مشهد,Razavi Khorasan
2495,معتمدی,6326,اصفهان,Esfahan
344,باستانی نگین گچسر,6341,کرج,Alborz
475,پارسیان توچال,6433,تهران,Tehran
2063,آبشاران لوه,7345,گالیکش,Golestan
1961,آراز,6672,قم,Qom
390,باختر,6497,مشهد,Razavi Khorasan
1472,سرای امیر,6984,کاشان,Esfahan
1849,شهریار,6497,مشهد,Razavi Khorasan
1717,هتل نقش جهان (اسنپ‌روم),6326,اصفهان,Esfahan
1350,ایرمان,6931,قشم,Hormozgan
651,بهبود,6220,تبریز,East Azarbaijan
1878,کوشک فردوس,6984,کاشان,Esfahan
1461,قصر بسطام,6566,شاهرود,Semnan
446,صبا,6326,اصفهان,Esfahan
2138,قاجاریه,6640,شیراز,Fars
1251,جهانگردی,6220,تبریز,East Azarbaijan
1167,دوستانه,6969,یزد,Yazd
1064,سرای مهرگرد,7159,مهریز,Yazd
1906,پردیسان,7334,تفرش,Markazi
2153,کردشول,7377,پاسارگاد,Fars
1628,مهمانسرا هیراد (اسنپ‌روم),6497,مشهد,Razavi Khorasan
1154,زیباکنار,6800,بندر انزلی,Gilan
183,پارسیان عالی قاپو,6326,اصفهان,Esfahan
2565,اسپهبدان,6876,قائم‌شهر,Mazandaran
869,سیروس,7003,رودسر,Gilan
15,شهر,6433,تهران,Tehran
550,مروارید خزر,6842,ایزدشهر,Mazandaran
46,خیام,6433,تهران,Tehran
496,جهانگردی,6801,بندر آستارا,Gilan
658,دیبا,6447,شهرکرد,Chaharmahal And Bakhtiari
2004,آفتاب چاه کوه,6931,قشم,Hormozgan
1353,میلاد,6433,تهران,Tehran
176,بین المللی قصر,6497,مشهد,Razavi Khorasan
147,آنتیک ملک التجار,6969,یزد,Yazd
1096,حیات شرق,6497,مشهد,Razavi Khorasan
813,پارلا,6801,بندر آستارا,Gilan
10,بزرگ فردوسی,6433,تهران,Tehran
1702,آنا,6640,شیراز,Fars
2559,سولار,6931,قشم,Hormozgan
726,زیبا,6220,تبریز,East Azarbaijan
1272,ناصری,6433,تهران,Tehran
620,خورشید تابان,6497,مشهد,Razavi Khorasan
823,آلیانس,6234,مراغه,East Azarbaijan
241,ساحل,6264,ارومیه,West Azerbaijan
995,ققنوس,6918,کیش,Hormozgan
1995,مدالی,6931,قشم,Hormozgan
2231,نمای هشتم,6497,مشهد,Razavi Khorasan
691,دانشور,6497,مشهد,Razavi Khorasan
2208,گیسو بانو,7014,دلیجان,Markazi
1133,نارنجستان,6969,یزد,Yazd
2568,هشت گنج,6640,شیراز,Fars
2120,اسالم لند,7367,اسالم,Gilan
2570,شایان جواهرده,6857,رامسر,Mazandaran
1936,حجاب,6497,مشهد,Razavi Khorasan
2076,هتل پانیذ (اسنپ روم),6497,مشهد,Razavi Khorasan
2566,ملورین,6800,بندر انزلی,Gilan
1008,قصر,7022,مینودشت,Golestan
228,استقلال,6672,قم,Qom
2026,خانه آرزوها,6857,رامسر,Mazandaran
2581,هتل آپارتمان احسان (اسنپ روم),6497,مشهد,Razavi Khorasan
1799,راه و ما,6969,یزد,Yazd
947,ایرانیکا,6541,اهواز,Khuzestan
1750,ملکوتی,6713,کرمان,Kerman
377,نگارستان,6767,علی‌آباد کتول,Golestan
2538,دریا ۱,6987,محمودآباد,Mazandaran
2065,قدیم خونه,7352,کیاشهر,Gilan
2615,خورشید هشتم رئوف کوثر,6497,مشهد,Razavi Khorasan
2108,کوبار,6815,فومن,Gilan
